"line","n()"
2,27
3,2
4,3
5,5
6,2
7,27
8,9
9,1
10,1
11,8
12,15
13,8
14,6
15,30
17,12
18,17
19,2
20,2
22,57
23,6
24,38
25,2
26,19
27,4
28,1
29,34
30,11
31,17
32,17
33,4
34,3
35,1
36,1
37,5
38,7
39,63
40,3
41,30
42,1
44,4
45,11
46,20
48,7
49,4
50,4
51,2
52,73
53,4
54,27
55,7
56,5
57,2
58,10
59,12
60,6
61,79
62,32
63,18
64,3
65,154
66,2
67,3
68,41
69,35
70,3
71,38
72,6
74,3
75,8
76,1
77,29
78,6
79,1
80,19
81,37
82,4
83,100
84,2
85,3
86,40
87,6
88,1
89,3
90,2
91,5
92,8
93,51
94,8
96,20
97,39
98,58
99,13
101,10
102,2
103,1
104,6
105,23
106,1
108,14
110,2
111,1
112,3
113,16
114,24
115,18
116,3
117,6
118,2
119,18
120,3
121,4
122,30
123,9
124,2
125,15
126,6
127,93
128,1
129,5
130,19
131,3
132,79
134,30
135,3
136,2
137,2
138,19
139,15
140,23
141,1
142,2
144,6
145,29
146,9
147,6
148,54
149,5
150,3
151,2
152,7
153,30
154,4
155,1
156,6
158,9
159,5
160,1
162,4
163,19
164,18
165,65
167,1
168,8
169,3
170,3
171,2
172,14
173,99
174,15
175,10
176,9
177,15
178,10
179,88
180,5
181,45
182,40
183,4
184,102
185,103
186,105
187,3
188,17
189,1
190,95
191,5
192,16
193,1
195,104
196,5
197,13
198,5
199,84
200,4
201,7
203,10
204,3
205,3
206,31
207,32
208,12
209,22
210,6
211,279
212,33
213,7
214,164
215,4
216,1
217,41
218,5
219,74
220,6
221,14
222,28
223,12
224,5
225,44
227,6
228,16
229,14
230,17
231,5
232,1
233,1
234,10
235,3
236,3
237,6
238,5
239,2
240,34
241,7
242,2
243,13
244,6
245,5
246,4
247,3
248,78
249,10
250,27
251,14
252,6
253,4
254,3
255,6
256,3
257,43
258,15
259,34
260,14
262,1
263,5
264,6
265,8
266,9
267,1
268,1
269,18
270,7
271,2
272,1
273,10
274,5
275,10
276,22
277,22
278,12
279,2
280,25
281,15
282,26
283,9
284,11
285,1
286,73
287,12
288,11
289,21
290,1
291,9
292,44
293,1
294,13
295,20
296,4
297,5
298,4
299,5
300,10
301,3
302,1
303,22
304,20
305,37
306,34
307,6
308,7
309,27
310,35
311,54
312,17
313,33
314,12
315,2
316,4
317,8
318,37
319,9
320,8
321,29
322,8
323,2
324,2
325,12
326,4
327,4
328,3
329,2
330,11
331,30
332,6
333,42
334,3
335,4
336,10
337,26
338,5
339,2
341,5
342,14
343,16
344,6
345,36
346,30
347,8
348,62
349,38
350,17
351,20
352,2
354,9
355,108
356,1
357,1
358,14
359,24
360,2
361,29
362,22
363,2
364,10
365,7
367,28
368,3
369,3
370,32
371,25
372,24
373,4
374,10
376,11
377,1
378,30
379,29
380,4
381,1
382,9
383,2
384,1
385,8
386,7
387,4
388,6
389,4
390,5
391,9
392,171
393,1
394,3
395,8
396,2
397,1
398,1
399,7
400,18
401,15
403,3
404,4
405,5
406,23
407,10
408,6
409,9
410,21
412,4
413,108
414,5
415,5
416,4
417,15
418,5
419,6
420,4
421,7
422,1
423,14
424,7
425,7
426,4
427,6
429,14
430,1
432,8
433,1
434,8
435,3
436,2
438,41
439,1
441,21
442,4
443,14
444,35
445,2
446,14
447,129
449,143
450,6
451,1
453,4
454,2
455,16
456,3
457,1
458,15
459,18
460,105
462,42
463,9
464,6
465,6
466,22
467,3
468,11
469,13
470,1
471,3
472,2
473,1
474,11
475,15
476,4
477,6
478,13
479,5
480,2
481,176
482,3
483,23
484,5
485,28
486,4
487,1
488,2
489,2
490,8
492,1
493,6
494,46
495,9
496,3
497,5
498,7
499,22
500,1
501,25
502,16
503,3
504,13
505,57
507,13
508,7
509,2
510,16
511,21
512,27
513,11
514,3
515,7
516,14
517,18
518,33
519,45
520,2
521,8
522,20
525,5
526,7
527,6
528,28
529,4
530,1
531,2
532,2
533,3
534,7
535,2
536,5
537,6
538,5
539,9
540,1
541,10
543,8
544,8
545,187
546,2
547,15
548,4
549,1
550,5
551,7
552,1
553,28
554,5
555,7
556,3
557,9
559,24
560,7
561,10
562,5
563,5
564,11
565,5
566,57
567,1
568,21
569,1
570,26
571,6
572,14
573,4
574,10
575,13
576,1
577,1
578,34
579,9
580,10
581,18
582,2
583,1
584,5
585,15
587,10
588,27
589,7
590,2
592,29
593,8
594,1
595,40
596,9
597,11
598,8
599,1
600,34
601,15
602,4
604,33
605,4
606,1
607,24
608,4
609,1
610,2
611,3
612,12
613,18
614,14
616,1
617,5
619,60
620,2
621,6
622,1
624,13
625,4
626,1
627,3
628,1
630,38
631,8
632,5
633,11
634,7
635,10
636,6
637,50
638,16
639,3
640,10
641,16
642,23
643,12
645,3
646,26
647,13
648,12
649,11
651,8
652,11
653,11
654,4
655,3
656,6
657,1
658,18
659,8
660,12
661,4
662,2
663,22
664,5
665,5
666,5
667,5
668,4
669,12
670,16
671,23
672,2
673,12
674,10
675,2
676,3
677,43
678,11
679,4
680,7
681,5
682,1
683,29
684,25
685,4
686,45
687,12
688,1
689,9
690,5
691,4
692,1
693,29
694,7
695,3
696,4
697,6
698,9
699,61
701,2
702,14
703,1
704,10
705,10
706,9
707,7
708,1
709,14
710,5
711,7
712,8
713,13
714,3
715,19
716,3
717,2
718,15
719,16
720,3
721,24
722,11
723,11
724,7
725,10
726,8
727,74
728,20
729,6
730,3
731,74
732,17
733,12
734,7
735,3
736,5
737,2
739,15
740,22
741,11
742,1
743,6
744,7
745,1
747,2
748,7
749,9
750,17
751,3
752,5
753,11
754,15
755,2
756,3
757,12
758,3
759,5
760,3
762,83
763,6
764,1
765,10
766,4
767,11
768,27
769,10
770,6
771,43
772,15
773,17
774,360
775,2
776,1
777,8
779,4
780,5
782,4
783,14
784,20
785,25
786,8
787,6
788,15
789,20
790,3
791,13
792,16
793,49
794,4
795,2
796,4
797,3
798,1
799,10
800,3
801,5
802,9
803,12
804,6
805,3
806,1
807,1
808,13
809,5
810,7
811,1
812,28
813,1
814,11
815,4
816,9
817,4
818,4
819,1
820,4
821,6
822,4
823,10
824,1
825,4
826,3
827,1
828,10
829,10
830,9
831,2
832,2
833,30
834,7
835,22
836,1
837,4
838,3
839,2
840,2
841,50
842,5
843,2
844,66
845,6
846,6
847,17
848,10
849,9
850,3
851,1
852,10
853,5
854,6
855,2
856,14
857,2
858,5
859,26
860,7
861,5
862,12
863,27
864,8
865,13
866,4
867,2
868,5
869,6
870,29
871,4
872,1
873,2
874,4
875,12
876,4
877,26
878,23
879,8
881,12
882,1
883,4
884,1
885,4
886,10
887,8
888,4
889,14
890,10
891,1
892,3
893,23
894,11
895,6
896,14
897,5
898,6
899,5
900,13
901,4
902,3
903,13
904,3
905,3
906,1
907,16
909,20
910,6
911,1
912,4
913,53
914,7
915,3
916,18
917,4
918,5
919,1
920,2
921,61
922,36
923,5
924,31
925,29
926,21
927,6
928,6
929,20
930,20
931,38
932,6
933,13
934,3
935,16
936,3
937,19
938,24
939,1
940,6
941,14
942,16
943,28
944,11
945,35
946,12
947,7
948,5
949,13
950,13
951,4
952,17
953,1
954,1
955,4
956,7
957,4
958,12
959,4
960,24
961,3
962,25
963,9
964,18
965,14
966,22
967,2
968,33
969,5
970,9
971,4
972,11
974,7
975,1
977,1
978,6
979,1
980,1
981,142
982,3
983,3
984,1
985,2
986,18
987,8
988,12
989,6
990,1
991,4
993,2
994,1
995,3
996,21
997,56
998,1
999,4
1000,10
1001,1
1002,3
1003,15
1004,6
1005,13
1006,4
1007,25
1008,98
1009,19
1010,20
1011,1
1012,3
1013,2
1014,14
1015,6
1016,7
1017,23
1018,4
1019,3
1020,2
1021,11
1022,10
1023,4
1024,1
1025,21
1026,19
1027,1
1028,3
1029,6
1030,68
1031,3
1032,54
1034,10
1035,8
1036,26
1037,7
1038,5
1039,20
1040,9
1041,1
1042,1
1043,5
1044,12
1045,2
1046,5
1047,7
1048,20
1049,18
1050,15
1051,2
1052,10
1053,33
1054,4
1055,1
1056,12
1057,5
1058,17
1059,5
1060,4
1061,5
1062,5
1063,1
1064,20
1065,8
1066,4
1067,24
1068,6
1069,6
1070,3
1071,7
1072,12
1073,53
1074,2
1075,62
1076,8
1077,1
1078,2
1079,31
1080,22
1081,14
1082,4
1083,29
1084,8
1085,3
1086,26
1087,45
1088,6
1089,2
1090,14
1091,9
1092,4
1094,39
1095,4
1096,3
1097,35
1098,11
1099,2
1100,2
1101,7
1102,2
1103,1
1104,1
1105,10
1106,3
1107,1
1108,2
1109,3
1110,4
1111,3
1113,50
1114,24
1115,5
1116,1
1117,3
1118,29
1119,3
1120,17
1121,3
1122,9
1123,1
1124,3
1125,12
1126,4
1127,1
1128,14
1129,1
1130,5
1131,23
1132,11
1133,2
1134,1
1135,2
1136,3
1137,1
1138,7
1139,11
1140,4
1141,1
1142,13
1143,3
1144,9
1145,15
1146,353
1147,1
1148,3
1149,41
1150,2
1151,30
1152,8
1153,5
1154,25
1155,10
1156,32
1157,55
1158,2
1159,13
1160,3
1161,15
1162,3
1163,5
1164,4
1165,2
1166,1
1167,6
1168,11
1169,1
1170,38
1171,34
1172,6
1173,1
1174,4
1175,9
1176,36
1177,8
1178,15
1179,5
1180,4
1181,3
1182,9
1183,5
1184,3
1185,50
1186,7
1187,22
1189,5
1190,10
1191,13
1192,3
1193,1
1194,124
1195,7
1196,6
1197,21
1198,1
1199,4
1200,5
1201,11
1202,24
1203,19
1204,7
1205,6
1206,14
1208,36
1209,3
1210,4
1211,4
1212,4
1213,2
1214,7
1215,30
1216,1
1217,8
1218,37
1219,3
1220,17
1221,17
1223,55
1224,11
1226,4
1227,3
1229,6
1230,3
1231,1
1232,16
1233,8
1234,13
1235,1
1236,2
1237,4
1238,4
1239,1
1240,9
1241,1
1242,10
1243,2
1244,12
1245,4
1246,4
1247,1
1248,18
1249,29
1250,8
1251,5
1252,5
1254,30
1255,6
1256,6
1257,84
1258,5
1259,4
1260,9
1261,3
1262,23
1263,2
1264,2
1265,2
1266,3
1267,3
1269,18
1270,44
1271,7
1272,6
1273,22
1274,13
1275,15
1276,6
1277,2
1278,43
1279,6
1280,2
1281,84
1282,6
1283,18
1284,14
1285,1
1286,2
1287,3
1288,7
1289,37
1290,5
1291,94
1292,20
1293,6
1294,3
1295,60
1296,18
1298,2
1299,4
1300,4
1301,2
1302,4
1303,5
1304,3
1305,9
1306,5
1307,1
1309,5
1310,8
1311,22
1312,3
1313,35
1314,6
1315,10
1316,17
1317,3
1318,21
1319,3
1320,9
1321,6
1322,11
1323,42
1324,50
1325,1
1326,18
1327,20
1328,30
1329,5
1330,13
1331,2
1332,25
1333,77
1334,10
1335,6
1336,33
1337,6
1338,64
1339,19
1340,9
1341,2
1342,2
1343,13
1344,1
1345,11
1346,6
1347,4
1349,2
1350,3
1351,24
1352,16
1353,15
1354,3
1355,5
1356,10
1357,4
1358,9
1359,2
1360,29
1361,3
1362,5
1363,1
1364,1
1365,14
1366,28
1367,12
1368,10
1369,14
1370,67
1371,14
1372,13
1373,5
1374,1
1375,5
1376,7
1377,3
1379,6
1380,13
1381,2
1382,10
1383,5
1384,44
1385,10
1386,2
1387,9
1388,13
1389,1
1390,41
1391,3
1392,76
1393,12
1394,3
1395,9
1396,9
1397,4
1398,24
1399,12
1400,10
1401,14
1402,3
1403,3
1404,3
1405,48
1406,12
1407,56
1408,13
1409,3
1410,8
1412,2
1413,27
1414,3
1415,13
1416,10
1417,11
1419,14
1420,11
1422,23
1423,21
1424,78
1425,14
1426,2
1427,7
1428,8
1429,8
1430,4
1431,2
1433,19
1434,40
1435,1
1436,1
1437,53
1438,3
1439,40
1440,1
1441,31
1442,7
1443,6
1444,1
1445,1
1446,3
1447,3
1448,1
1449,3
1450,9
1451,18
1452,11
1453,7
1454,4
1455,4
1456,2
1457,5
1458,18
1460,2
1461,11
1462,11
1463,10
1465,7
1466,11
1467,11
1468,4
1469,7
1470,5
1471,11
1472,64
1473,3
1474,5
1475,5
1476,1
1477,1
1479,17
1480,5
1481,1
1482,1
1483,7
1484,1
1485,8
1486,10
1488,6
1489,6
1490,4
1491,56
1492,5
1493,12
1494,13
1495,5
1496,11
1497,6
1498,6
1499,5
1500,33
1501,4
1502,15
1503,10
1504,1
1505,33
1506,58
1507,8
1508,6
1509,15
1510,1
1511,2
1512,15
1513,11
1514,1
1515,23
1516,4
1517,23
1519,2
1520,8
1521,2
1522,14
1523,19
1524,10
1525,1
1526,10
1527,7
1528,20
1529,11
1530,5
1531,3
1532,19
1533,2
1534,11
1535,6
1537,8
1538,2
1539,2
1540,5
1541,4
1542,12
1543,1
1544,1
1545,13
1546,15
1547,5
1548,3
1549,5
1550,7
1551,5
1552,2
1555,4
1556,35
1558,3
1560,1
1561,7
1562,2
1563,1
1564,9
1565,3
1566,5
1567,21
1569,3
1570,8
1571,35
1572,2
1573,9
1574,90
1575,19
1576,2
1577,1
1578,8
1579,1
1580,9
1581,19
1582,15
1583,14
1584,81
1585,7
1586,2
1587,3
1588,2
1589,3
1590,1
1591,8
1592,19
1593,17
1594,3
1595,15
1596,3
1597,13
1598,3
1599,4
1600,8
1601,13
1602,3
1603,10
1604,5
1605,10
1606,6
1607,14
1608,2
1609,1
1610,3
1611,7
1612,13
1613,5
1614,4
1615,28
1616,27
1617,2
1618,2
1619,6
1620,4
1621,10
1622,53
1623,4
1624,2
1625,3
1627,3
1628,3
1629,4
1630,3
1631,75
1632,13
1633,2
1634,7
1635,1
1636,10
1637,37
1638,55
1639,13
1640,4
1641,60
1642,3
1643,16
1644,30
1645,3
1646,1
1647,8
1648,1
1649,11
1650,1
1651,14
1652,15
1653,8
1654,2
1655,11
1656,3
1657,6
1658,93
1659,1
1660,21
1661,6
1663,5
1664,21
1665,4
1666,4
1667,28
1668,21
1669,6
1670,2
1671,4
1672,4
1673,3
1674,22
1675,4
1677,36
1678,5
1679,6
1680,5
1681,1
1682,21
1683,4
1684,4
1685,4
1686,23
1687,76
1688,2
1689,16
1691,5
1692,3
1693,10
1694,1
1695,5
1699,2
1700,16
1701,18
1702,11
1703,5
1704,9
1705,3
1706,11
1707,2
1708,3
1709,5
1710,12
1711,10
1712,13
1713,3
1714,29
1715,9
1716,34
1717,81
1718,12
1719,5
1720,4
1721,1
1722,15
1723,3
1724,5
1725,90
1726,9
1727,14
1728,6
1729,10
1730,6
1731,40
1732,3
1733,1
1734,7
1735,19
1736,6
1737,2
1738,40
1739,1
1740,1
1741,1
1742,3
1743,77
1745,7
1746,2
1747,16
1748,3
1750,6
1751,11
1752,8
1753,32
1754,2
1755,1
1756,25
1758,69
1759,2
1760,22
1761,2
1762,38
1763,6
1764,10
1765,11
1766,3
1767,2
1768,2
1769,4
1770,18
1771,1
1772,5
1774,2
1775,8
1776,2
1777,2
1778,1
1779,32
1780,46
1781,8
1782,14
1783,4
1784,62
1785,2
1786,15
1787,1
1789,2
1790,86
1791,111
1793,8
1795,24
1796,7
1797,16
1798,16
1799,2
1800,9
1801,4
1802,14
1803,15
1804,15
1806,17
1807,12
1808,12
1809,25
1810,4
1811,79
1812,6
1813,33
1814,2
1815,9
1816,10
1817,11
1818,1
1819,26
1820,9
1821,3
1822,13
1823,13
1824,84
1825,6
1826,32
1827,12
1828,76
1829,3
1830,11
1831,17
1832,16
1833,6
1834,23
1835,12
1836,1
1837,9
1838,6
1839,12
1840,39
1841,7
1842,5
1843,2
1844,18
1845,1
1847,2
1848,11
1849,3
1850,3
1851,6
1852,8
1853,11
1854,12
1855,3
1856,5
1857,2
1858,16
1860,47
1861,13
1862,16
1863,10
1864,7
1865,28
1866,4
1867,3
1868,2
1869,3
1870,4
1871,11
1872,81
1873,2
1874,18
1875,1
1876,7
1877,4
1878,3
1879,14
1881,4
1882,2
1883,5
1884,7
1885,3
1886,1
1887,1
1888,16
1889,21
1890,4
1891,2
1892,4
1893,8
1894,10
1895,24
1896,3
1897,1
1898,4
1899,35
1900,37
1901,2
1902,6
1903,1
1904,37
1905,6
1906,131
1907,2
1908,1
1909,10
1910,35
1911,5
1912,5
1913,6
1914,7
1915,4
1917,6
1918,9
1919,20
1920,1
1921,2
1923,6
1924,4
1925,1
1926,20
1927,2
1928,7
1929,4
1930,2
1931,1
1932,34
1933,9
1934,1
1935,10
1936,13
1937,1
1939,44
1940,10
1941,10
1942,1
1943,1
1944,3
1945,2
1946,6
1948,10
1949,8
1951,17
1952,35
1953,6
1954,34
1955,3
1956,9
1957,1
1958,2
1959,5
1960,2
1961,3
1962,11
1963,97
1965,74
1966,10
1967,19
1968,3
1969,33
1970,9
1971,16
1972,13
1974,9
1975,36
1976,26
1977,4
1978,2
1979,4
1980,1
1981,14
1982,3
1983,5
1984,21
1985,28
1986,3
1987,4
1989,13
1991,24
1992,14
1993,9
1994,2
1996,8
1997,1
1998,4
1999,6
2000,36
2001,75
2002,9
2003,9
2004,2
2005,13
2006,11
2007,5
2008,7
2009,21
2010,3
2011,7
2012,3
2013,1
2014,2
2015,2
2016,22
2017,3
2019,125
2020,11
2021,2
2022,33
2023,56
2024,1
2025,3
2026,13
2027,1
2028,9
2029,2
2030,16
2031,6
2032,30
2033,1
2034,3
2035,24
2036,8
2037,17
2038,4
2039,5
2040,2
2041,7
2042,2
2043,21
2044,1
2045,9
2046,1
2047,1
2048,1
2049,16
2050,2
2051,5
2052,2
2053,9
2054,22
2055,21
2056,1
2057,9
2058,11
2060,2
2061,1
2062,11
2063,15
2064,14
2065,2
2066,3
2067,15
2068,3
2069,12
2070,2
2071,11
2072,6
2073,27
2074,11
2075,5
2076,22
2077,3
2078,42
2079,6
2080,1
2081,18
2082,3
2083,86
2084,2
2085,6
2086,5
2087,7
2088,14
2089,94
2090,8
2091,42
2092,24
2093,1
2094,1
2095,2
2096,65
2097,1
2098,13
2099,9
2100,15
2101,2
2102,6
2103,3
2104,6
2107,25
2108,7
2109,16
2110,4
2112,30
2113,9
2114,9
2115,4
2116,1
2117,5
2118,14
2119,1
2120,5
2121,7
2122,50
2123,124
2124,17
2125,8
2126,11
2127,51
2128,6
2129,1
2130,1
2131,6
2132,28
2133,10
2134,2
2135,6
2136,7
2137,5
2138,14
2139,15
2140,20
2141,3
2142,42
2143,22
2144,32
2146,21
2147,1
2148,4
2149,8
2150,3
2151,1
2152,9
2153,1
2154,4
2155,10
2156,41
2157,19
2158,4
2159,1
2160,25
2161,2
2162,3
2163,1
2164,1
2165,1
2166,7
2167,8
2168,32
2169,17
2170,24
2171,6
2173,3
2174,2
2175,15
2176,23
2177,7
2178,20
2179,8
2180,5
2181,1
2182,13
2183,6
2184,10
2185,30
2186,2
2187,3
2188,2
2189,3
2190,4
2191,7
2192,53
2193,5
2194,2
2195,2
2196,2
2197,11
2198,91
2199,25
2201,123
2202,6
2203,42
2204,3
2205,18
2206,1
2207,7
2208,5
2209,18
2210,18
2211,9
2212,14
2213,58
2214,6
2215,12
2216,1
2217,5
2218,35
2219,1
2220,20
2221,40
2222,14
2223,14
2224,14
2225,8
2226,8
2227,50
2228,15
2229,39
2230,15
2231,2
2232,3
2234,5
2235,6
2236,12
2237,28
2238,2
2239,6
2240,6
2241,4
2242,5
2243,5
2244,4
2245,13
2246,26
2247,1
2248,21
2249,4
2250,13
2251,7
2252,15
2253,12
2254,9
2255,4
2256,2
2257,98
2258,11
2259,11
2260,3
2261,2
2262,1
2263,7
2264,1
2265,6
2266,5
2267,3
2268,106
2269,4
2270,24
2271,8
2272,5
2273,6
2274,1
2275,3
2276,10
2277,3
2278,3
2279,3
2280,3
2281,12
2282,11
2283,4
2284,1
2285,12
2286,2
2287,50
2288,3
2289,82
2290,93
2292,15
2293,19
2294,35
2295,1
2296,12
2297,7
2298,11
2299,2
2300,15
2301,38
2302,23
2303,6
2304,23
2305,101
2306,82
2307,1
2308,2
2309,5
2310,3
2311,2
2312,28
2314,19
2315,1
2316,1
2317,4
2319,1
2320,1
2321,2
2322,27
2323,3
2324,5
2325,27
2326,4
2327,6
2328,8
2330,13
2331,9
2332,18
2333,9
2334,26
2335,11
2336,68
2337,8
2338,1
2339,10
2340,42
2341,1
2342,19
2343,3
2344,7
2345,13
2346,9
2347,1
2348,10
2349,2
2350,2
2351,3
2352,1
2353,2
2354,6
2356,2
2357,20
2358,4
2359,2
2360,5
2361,21
2362,24
2363,54
2364,3
2365,12
2366,2
2367,6
2368,46
2369,107
2370,4
2371,16
2372,50
2374,28
2375,2
2376,9
2377,7
2378,74
2379,12
2380,3
2381,2
2382,1
2383,3
2384,8
2385,1
2386,4
2387,26
2388,13
2389,11
2390,29
2391,73
2392,23
2393,1
2394,26
2395,5
2396,2
2397,4
2398,17
2401,1
2402,16
2403,1
2404,8
2405,7
2406,36
2407,20
2408,1
2409,1
2410,18
2411,6
2412,6
2414,1
2416,4
2417,52
2418,1
2419,28
2420,6
2421,9
2422,9
2423,1
2424,14
2425,4
2426,5
2427,3
2428,2
2429,34
2430,5
2431,76
2432,8
2433,10
2434,19
2435,14
2436,94
2437,2
2439,29
2440,1
2441,9
2442,55
2443,22
2444,4
2445,2
2446,8
2447,4
2448,28
2449,8
2450,51
2451,14
2452,11
2453,3
2454,1
2455,47
2456,6
2457,3
2458,5
2459,3
2460,15
2461,9
2462,14
2463,1
2464,56
2465,25
2466,31
2467,11
2468,38
2469,7
2470,48
2471,96
2472,14
2473,17
2474,10
2475,19
2476,48
2477,40
2478,8
2479,7
2480,2
2481,3
2482,1
2483,5
2484,59
2485,4
2486,7
2487,5
2488,3
2489,2
2490,3
2492,8
2493,3
2494,100
2495,2
2496,17
2497,8
2498,5
2499,12
2500,7
2501,17
2502,22
2503,15
2504,8
2505,56
2506,2
2507,1
2508,5
2509,4
2510,17
2511,33
2513,3
2514,7
2516,2
2517,7
2519,36
2520,19
2521,12
2522,8
2523,16
2524,5
2525,33
2526,3
2527,1
2529,27
2530,4
2531,4
2532,7
2533,24
2534,12
2535,4
2536,2
2537,43
2539,89
2540,23
2541,23
2542,1
2543,3
2545,59
2546,43
2547,4
2549,5
2550,4
2551,2
2552,4
2553,5
2554,2
2555,4
2556,4
2557,20
2558,30
2559,12
2560,11
2561,1
2562,9
2563,4
2564,3
2565,10
2566,18
2567,16
2568,8
2569,11
2570,1
2571,5
2572,9
2573,3
2574,14
2575,8
2576,1
2577,1
2578,2
2579,5
2580,2
2581,4
2582,7
2583,5
2584,7
2585,6
2586,6
2587,1
2588,25
2589,1
2590,9
2591,4
2592,12
2593,10
2594,1
2595,8
2596,38
2597,21
2598,4
2599,4
2600,4
2601,8
2602,1
2603,8
2604,15
2605,61
2606,7
2607,1
2608,32
2609,1
2610,3
2611,1
2612,9
2613,30
2614,3
2615,76
2617,67
2618,4
2619,30
2620,4
2621,2
2622,5
2623,116
2624,2
2625,3
2626,2
2627,7
2628,2
2629,13
2630,4
2631,9
2632,7
2633,1
2634,10
2635,2
2636,1
2637,4
2638,33
2639,43
2640,19
2641,34
2642,8
2643,2
2644,3
2645,3
2646,7
2647,1
2648,3
2650,3
2651,2
2652,13
2653,5
2654,5
2655,21
2656,3
2658,2
2659,1
2660,1
2661,39
2662,4
2663,15
2664,6
2665,11
2666,7
2667,5
2668,8
2669,13
2670,2
2671,76
2672,3
2673,4
2674,5
2675,2
2676,7
2677,19
2678,6
2679,5
2680,14
2681,7
2682,9
2683,4
2684,2
2685,22
2686,2
2687,8
2688,1
2689,16
2690,2
2691,1
2692,20
2693,1
2694,2
2695,2
2696,2
2697,137
2698,9
2699,12
2701,96
2702,1
2703,31
2704,8
2706,3
2707,4
2708,5
2709,1
2710,21
2711,4
2712,7
2713,3
2715,7
2716,19
2717,55
2718,7
2719,1
2720,3
2721,10
2722,8
2723,32
2724,8
2725,8
2726,8
2727,12
2729,21
2730,68
2731,5
2732,17
2733,14
2734,3
2736,58
2737,4
2738,5
2739,8
2740,6
2741,2
2742,14
2743,5
2744,6
2745,5
2746,15
2747,9
2748,4
2749,1
2750,11
2751,2
2753,35
2754,126
2755,7
2756,3
2757,4
2758,2
2759,6
2760,7
2761,13
2762,33
2763,3
2764,16
2765,208
2766,3
2767,4
2768,40
2769,3
2770,5
2771,3
2772,5
2774,3
2775,6
2776,4
2777,7
2778,14
2779,8
2780,97
2781,2
2782,5
2783,2
2784,21
2785,20
2786,2
2787,4
2789,3
2790,7
2791,2
2792,25
2793,3
2794,4
2795,2
2796,7
2797,6
2798,18
2799,3
2800,14
2801,6
2802,46
2803,3
2804,5
2805,7
2806,13
2807,1
2808,31
2809,8
2810,6
2811,18
2812,3
2813,8
2814,6
2815,5
2816,2
2817,12
2818,12
2819,6
2820,75
2821,7
2822,20
2823,2
2824,16
2826,3
2827,2
2828,9
2829,18
2830,27
2831,14
2832,9
2833,12
2834,12
2835,1
2836,4
2837,41
2838,3
2839,25
2840,2
2841,1
2842,5
2843,3
2844,6
2845,42
2846,2
2847,6
2848,7
2849,6
2850,1
2851,3
2852,4
2853,7
2854,19
2855,8
2856,2
2857,37
2858,10
2859,12
2860,21
2861,7
2862,14
2863,3
2864,32
2865,8
2866,15
2867,6
2868,8
2869,1
2870,1
2871,6
2872,1
2873,5
2874,1
2875,97
2876,3
2877,6
2878,3
2879,12
2880,6
2881,1
2882,44
2883,37
2884,4
2885,5
2887,1
2888,10
2889,1
2890,5
2891,8
2892,13
2893,13
2894,5
2896,13
2897,1
2898,97
2899,26
2900,3
2901,1
2902,19
2903,29
2904,12
2906,3
2907,58
2909,4
2910,4
2911,3
2912,6
2913,25
2914,19
2915,2
2916,2
2917,4
2918,4
2919,4
2920,1
2921,2
2922,1
2924,43
2925,4
2926,13
2928,3
2929,5
2931,2
2932,2
2933,22
2934,5
2935,6
2936,10
2937,1
2938,2
2939,2
2940,2
2941,9
2942,24
2943,6
2944,1
2945,1
2946,3
2947,13
2948,13
2949,7
2950,95
2951,15
2952,14
2953,1
2954,1
2955,65
2956,1
2957,10
2958,3
2959,40
2960,7
2961,20
2962,1
2963,1
2964,13
2965,2
2966,2
2967,2
2969,10
2971,3
2972,1
2973,6
2974,18
2975,36
2976,5
2977,5
2978,1
2979,13
2980,4
2981,28
2982,5
2983,8
2984,11
2985,71
2987,29
2988,6
2989,5
2990,42
2992,12
2993,3
2994,1
2995,1
2996,12
2998,7
2999,2
3000,9
3001,29
3002,7
3003,3
3004,11
3005,302
3006,1
3007,3
3008,10
3009,5
3010,7
3011,1
3012,23
3013,19
3014,7
3015,24
3016,8
3018,6
3019,2
3020,4
3021,17
3022,3
3023,24
3024,11
3025,2
3026,11
3027,3
3028,2
3029,2
3030,1
3031,29
3032,21
3033,5
3034,1
3035,15
3036,9
3037,5
3038,1
3039,10
3040,4
3041,10
3042,131
3043,1
3044,6
3045,5
3046,15
3047,121
3048,9
3049,8
3050,11
3051,1
3052,11
3053,9
3054,7
3055,2
3056,6
3057,3
3058,12
3059,21
3060,21
3061,2
3062,2
3063,16
3064,2
3066,15
3067,11
3068,15
3069,187
3071,2
3072,1
3073,5
3074,2
3075,2
3076,2
3077,7
3078,5
3079,5
3080,9
3081,1
3082,1
3083,6
3084,3
3085,4
3086,4
3088,29
3089,16
3090,4
3091,12
3092,2
3093,50
3094,2
3095,3
3096,1
3097,9
3098,7
3099,35
3100,10
3101,10
3102,1
3103,6
3104,2
3105,52
3106,2
3107,11
3108,4
3109,3
3110,9
3111,21
3112,11
3113,6
3114,35
3115,1
3116,18
3117,29
3118,16
3119,2
3120,13
3121,1
3122,5
3123,4
3124,5
3125,1
3126,3
3127,24
3128,1
3129,15
3130,12
3132,41
3133,7
3134,1
3135,1
3136,2
3137,4
3138,2
3139,1
3140,24
3141,1
3142,5
3143,3
3144,42
3145,7
3146,52
3147,2
3148,2
3149,7
3150,1
3151,5
3152,10
3153,12
3154,4
3155,4
3156,4
3157,2
3158,28
3159,5
3160,9
3161,3
3162,10
3163,3
3164,1
3165,8
3166,18
3167,5
3168,7
3169,7
3170,4
3171,10
3172,5
3173,3
3174,10
3175,11
3176,13
3178,20
3179,30
3180,11
3181,18
3182,3
3183,8
3184,63
3185,66
3186,5
3187,19
3188,8
3189,15
3190,1
3191,22
3192,6
3193,2
3194,9
3195,3
3196,1
3197,5
3198,30
3199,11
3200,15
3201,9
3202,18
3203,16
3204,2
3205,12
3206,22
3207,3
3209,5
3210,3
3211,9
3212,5
3213,63
3214,4
3215,1
3216,4
3217,5
3218,1
3219,12
3220,1
3221,1
3222,4
3223,1
3224,61
3225,16
3226,1
3227,1
3228,52
3229,6
3230,15
3232,2
3233,3
3234,17
3235,16
3236,3
3237,4
3238,2
3239,6
3240,6
3241,93
3242,13
3243,1
3244,25
3245,9
3246,27
3247,9
3248,20
3249,7
3250,23
3251,2
3252,2
3253,18
3254,6
3255,2
3256,1
3257,11
3258,2
3259,25
3260,34
3261,14
3262,11
3263,14
3265,11
3266,1
3267,12
3269,3
3270,3
3271,2
3272,22
3273,4
3274,2
3275,3
3276,3
3277,67
3278,5
3279,2
3280,2
3281,26
3283,14
3284,1
3285,2
3286,16
3287,25
3288,8
3289,7
3290,8
3291,2
3292,19
3293,43
3294,1
3295,30
3296,12
3297,12
3298,3
3299,4
3300,1
3302,14
3303,30
3304,11
3305,7
3306,24
3307,3
3308,25
3309,3
3310,1
3311,5
3312,6
3313,9
3314,16
3315,5
3316,18
3317,29
3318,86
3319,10
3320,12
3321,13
3323,35
3324,8
3325,6
3326,8
3327,15
3328,4
3329,1
3330,6
3331,7
3333,18
3334,7
3335,12
3337,2
3338,3
3339,4
3341,10
3342,1
3343,3
3344,29
3345,12
3346,4
3347,6
3348,9
3349,1
3352,16
3353,1
3354,3
3355,14
3356,7
3358,4
3359,2
3360,5
3361,15
3362,40
3363,10
3364,7
3365,20
3366,8
3367,2
3368,5
3369,3
3370,3
3371,16
3372,3
3373,21
3374,1
3375,12
3376,7
3377,2
3378,45
3379,51
3380,27
3381,2
3382,3
3383,5
3384,14
3385,1
3386,1
3387,15
3388,4
3389,3
3390,2
3391,8
3392,11
3393,1
3394,9
3395,42
3396,7
3397,9
3398,42
3399,16
3401,1
3402,14
3403,1
3404,4
3405,4
3406,6
3407,2
3408,3
3409,16
3410,10
3411,1
3412,4
3413,2
3414,3
3415,30
3416,31
3417,10
3418,9
3419,9
3420,3
3421,24
3422,20
3423,7
3424,69
3425,1
3426,3
3427,5
3428,5
3429,1
3430,4
3431,4
3432,8
3433,23
3434,10
3435,66
3436,18
3437,1
3438,1
3439,53
3440,14
3441,5
3442,20
3443,58
3444,3
3446,12
3447,19
3448,3
3449,1
3450,8
3451,9
3452,6
3453,2
3454,5
3455,1
3456,4
3457,6
3458,4
3459,1
3460,3
3461,14
3462,3
3463,13
3464,3
3465,19
3466,9
3467,7
3468,9
3469,33
3470,9
3471,7
3473,16
3474,8
3475,11
3476,8
3477,14
3478,53
3479,8
3480,13
3481,27
3482,4
3483,32
3484,18
3485,7
3486,17
3487,7
3489,8
3490,12
3491,3
3492,7
3493,12
3494,2
3495,7
3496,18
3497,1
3498,65
3499,1
3500,4
3501,1
3502,26
3503,30
3504,21
3505,1
3506,1
3507,7
3508,30
3509,72
3510,50
3511,60
3512,6
3513,3
3514,19
3515,21
3516,16
3517,37
3518,4
3519,5
3520,156
3521,1
3522,9
3523,6
3524,2
3525,6
3526,3
3527,35
3528,6
3529,2
3530,2
3531,2
3533,2
3534,8
3535,5
3536,23
3537,119
3538,11
3539,18
3540,9
3541,1
3542,48
3543,69
3544,6
3545,142
3546,1
3547,5
3548,4
3549,2
3550,90
3551,2
3552,10
3553,7
3554,2
3555,15
3556,7
3557,26
3558,3
3559,3
3560,4
3561,8
3562,18
3563,49
3564,2
3565,15
3566,5
3567,2
3568,1
3570,2
3571,3
3572,11
3573,19
3574,6
3576,4
3577,52
3578,8
3579,4
3580,49
3581,31
3582,22
3583,89
3584,7
3585,16
3586,5
3587,8
3588,7
3589,8
3590,15
3591,1
3592,4
3593,6
3594,6
3595,5
3596,14
3597,3
3598,8
3599,5
3600,24
3601,42
3602,1
3603,4
3604,19
3605,85
3606,4
3607,15
3608,2
3609,25
3610,8
3611,4
3612,28
3613,5
3614,2
3615,170
3616,7
3618,6
3619,50
3621,57
3623,2
3624,1
3625,36
3626,44
3627,34
3628,13
3629,24
3630,3
3631,44
3632,23
3633,2
3634,40
3635,7
3636,54
3637,19
3639,10
3640,2
3641,20
3642,2
3643,11
3644,6
3645,9
3646,2
3648,14
3649,15
3650,15
3651,5
3652,7
3653,14
3654,21
3655,46
3656,3
3657,30
3658,21
3659,20
3660,9
3661,61
3662,4
3663,2
3664,20
3665,13
3666,15
3667,4
3668,8
3669,37
3670,62
3671,3
3672,40
3673,4
3674,1
3676,2
3677,12
3678,2
3680,3
3681,2
3682,25
3683,1
3684,8
3685,10
3686,7
3687,127
3688,24
3689,5
3690,37
3691,1
3692,16
3693,19
3694,4
3695,11
3696,15
3698,10
3699,2
3700,5
3701,7
3702,24
3703,2
3704,46
3706,11
3707,1
3708,5
3709,5
3710,7
3711,5
3712,10
3713,1
3714,2
3715,34
3716,24
3717,3
3718,2
3719,5
3720,1
3721,2
3722,10
3723,5
3725,7
3726,2
3727,5
3728,8
3729,11
3730,6
3731,2
3732,13
3733,1
3734,8
3735,1
3736,1
3737,1
3738,25
3739,12
3740,3
3742,16
3743,3
3744,6
3745,6
3746,12
3747,1
3748,4
3749,2
3750,24
3751,1
3752,4
3753,1
3755,4
3756,5
3757,17
3758,1
3759,16
3761,34
3762,2
3763,7
3765,2
3767,9
3768,42
3769,3
3770,54
3771,1
3772,21
3773,17
3774,7
3775,1
3776,46
3777,22
3778,31
3779,4
3780,5
3781,5
3782,1
3783,4
3784,36
3785,32
3786,4
3787,2
3788,10
3789,72
3790,4
3791,24
3792,1
3793,6
3794,2
3795,10
3796,3
3797,4
3798,18
3799,3
3800,40
3801,8
3802,21
3803,33
3804,1
3805,5
3807,17
3808,40
3809,4
3810,19
3811,1
3813,16
3814,20
3815,33
3816,2
3817,5
3818,1
3819,20
3820,1
3821,4
3822,1
3824,1
3825,29
3826,93
3827,3
3828,24
3829,5
3830,45
3831,11
3832,2
3833,1
3834,2
3835,3
3836,13
3837,36
3838,2
3839,6
3840,12
3841,2
3842,5
3843,2
3844,21
3845,1
3846,1
3847,4
3848,6
3849,9
3851,300
3852,11
3853,2
3854,25
3855,3
3856,20
3857,5
3859,5
3860,9
3861,23
3862,34
3863,5
3864,14
3865,7
3866,1
3867,13
3868,2
3869,3
3871,10
3872,9
3873,5
3874,4
3875,37
3876,6
3877,18
3878,5
3879,21
3881,1
3882,24
3883,5
3884,11
3885,12
3886,1
3887,7
3888,14
3889,33
3890,13
3891,12
3892,4
3893,4
3894,15
3895,8
3896,27
3897,2
3898,8
3899,2
3900,1
3902,1
3903,20
3904,7
3905,1
3906,154
3907,9
3908,13
3909,11
3910,12
3911,6
3912,13
3913,4
3914,1
3915,32
3916,7
3917,4
3918,12
3919,17
3920,6
3921,14
3922,9
3923,3
3924,10
3925,7
3926,10
3927,3
3928,1
3929,19
3930,14
3931,12
3932,21
3933,1
3934,6
3935,7
3936,4
3937,21
3938,2
3939,29
3940,7
3941,26
3942,28
3943,1
3944,10
3945,8
3946,14
3947,9
3948,13
3949,15
3951,13
3952,3
3953,3
3954,4
3955,1
3956,6
3957,4
3958,18
3959,27
3960,12
3961,1
3962,6
3963,1
3964,5
3965,7
3966,4
3967,9
3968,7
3969,11
3970,5
3971,12
3972,1
3973,16
3974,10
3975,1
3976,8
3977,3
3978,6
3979,14
3980,13
3981,4
3982,42
3983,31
3984,4
3985,1
3986,12
3987,5
3988,2
3989,19
3991,3
3992,38
3993,11
3994,26
3995,2
3996,1
3997,3
3998,7
3999,7
4000,5
4001,2
4002,4
4003,1
4004,19
4005,3
4006,4
4008,6
4010,4
4011,4
4012,24
4013,4
4014,4
4015,15
4016,7
4017,11
4018,51
4019,10
4020,2
4021,11
4022,3
4023,8
4024,8
4025,1
4026,11
4027,18
4028,6
4029,29
4031,13
4032,56
4033,5
4034,26
4035,4
4036,1
4037,4
4038,52
4039,6
4040,2
4041,5
4042,1
4043,5
4044,5
4046,9
4047,2
4048,23
4049,17
4050,3
4051,2
4052,6
4053,1
4054,10
4055,3
4056,17
4057,3
4058,1
4059,1
4060,9
4061,15
4062,1
4063,7
4064,1
4065,12
4067,2
4068,2
4069,3
4070,4
4071,2
4072,1
4073,3
4074,1
4075,5
4076,3
4077,36
4078,56
4079,1
4080,3
4081,53
4083,12
4084,16
4086,4
4087,37
4088,8
4090,4
4091,6
4092,14
4093,2
4094,2
4095,22
4096,4
4097,8
4098,7
4099,4
4100,11
4101,17
4102,4
4103,22
4104,15
4105,1
4106,8
4107,37
4108,36
4109,8
4110,17
4111,39
4112,1
4113,6
4114,8
4115,13
4116,4
4117,16
4118,13
4119,7
4120,2
4121,22
4122,10
4123,1
4124,12
4125,21
4126,3
4127,8
4128,3
4129,2
4131,5
4132,60
4133,1
4134,1
4135,5
4136,1
4137,8
4138,11
4139,2
4140,24
4141,6
4142,4
4143,3
4144,16
4145,8
4146,3
4147,6
4148,2
4149,6
4150,3
4151,2
4152,9
4153,12
4154,2
4155,2
4156,7
4157,1
4158,20
4159,6
4161,7
4162,20
4164,3
4165,68
4166,19
4167,13
4168,23
4169,3
4170,8
4171,15
4172,2
4173,2
4174,9
4175,21
4176,3
4177,4
4178,1
4179,23
4180,2
4181,2
4182,2
4184,10
4185,3
4186,3
4187,17
4188,2
4189,18
4190,6
4191,3
4192,65
4193,7
4194,1
4195,28
4196,12
4197,5
4198,15
4199,10
4200,105
4201,38
4202,8
4203,7
4204,5
4205,3
4206,116
4207,1
4208,3
4209,5
4210,13
4211,6
4212,5
4213,4
4214,5
4215,3
4216,4
4217,2
4218,29
4219,8
4220,3
4221,7
4222,2
4223,5
4224,28
4225,50
4226,12
4227,10
4228,2
4230,18
4231,2
4232,28
4233,6
4234,10
4235,1
4236,4
4237,14
4238,8
4239,8
4241,2
4243,1
4244,6
4245,4
4246,7
4247,9
4249,44
4250,6
4251,14
4253,7
4255,3
4256,1
4257,12
4258,8
4259,17
4260,11
4261,2
4262,22
4263,5
4264,91
4265,45
4266,10
4267,8
4268,20
4269,7
4270,3
4271,2
4272,3
4273,52
4274,2
4275,11
4276,2
4277,6
4278,4
4279,3
4280,2
4281,4
4282,7
4283,1
4284,2
4285,226
4286,6
4287,10
4288,2
4289,12
4290,7
4291,2
4292,5
4293,8
4294,11
4295,11
4296,18
4297,16
4298,2
4299,11
4300,7
4301,9
4302,22
4303,25
4304,1
4305,1
4308,1
4309,2
4310,2
4311,7
4312,3
4313,1
4314,67
4315,5
4316,8
4317,9
4318,1
4319,1
4320,21
4321,15
4322,4
4323,25
4324,6
4325,4
4326,6
4327,2
4328,22
4329,2
4330,6
4331,4
4332,2
4333,33
4334,1
4335,3
4336,7
4337,4
4339,6
4340,30
4341,17
4342,4
4343,13
4344,12
4345,2
4346,10
4347,1
4348,19
4349,2
4350,2
4351,1
4352,27
4353,5
4354,3
4355,25
4356,8
4357,1
4358,16
4359,38
4360,2
4361,3
4362,15
4363,8
4364,28
4365,13
4366,24
4367,5
4368,4
4369,2
4370,24
4371,16
4372,17
4373,6
4375,5
4376,2
4377,8
4378,35
4379,15
4380,10
4382,1
4383,12
4384,32
4385,3
4386,12
4387,16
4388,3
4390,4
4391,4
4392,1
4393,50
4394,3
4395,1
4396,28
4397,1
4399,5
4400,12
4401,1
4402,3
4403,2
4404,23
4405,3
4406,3
4407,38
4408,1
4410,1
4411,3
4412,4
4413,21
4414,10
4415,8
4416,10
4417,5
4418,38
4419,2
4420,4
4421,8
4422,3
4423,9
4424,1
4425,1
4426,12
4427,10
4428,40
4429,1
4430,9
4431,1
4432,26
4433,3
4434,7
4435,5
4436,2
4437,7
4438,6
4439,1
4440,3
4441,1
4442,1
4443,1
4444,13
4445,16
4446,3
4447,2
4448,2
4449,14
4450,4
4451,8
4452,2
4453,47
4454,3
4455,1
4456,7
4457,6
4458,50
4459,13
4460,1
4461,2
4462,42
4463,21
4464,10
4465,1
4466,16
4467,13
4468,53
4469,13
4470,4
4471,13
4472,1
4473,30
4474,22
4475,35
4476,25
4477,20
4478,15
4479,2
4480,10
4481,34
4483,19
4484,3
4485,1
4486,14
4487,3
4488,9
4489,3
4490,13
4491,29
4492,3
4493,18
4494,8
4495,8
4496,2
4497,16
4498,14
4499,14
4500,15
4501,5
4502,14
4503,35
4504,7
4505,6
4506,3
4507,20
4508,31
4509,5
4510,3
4511,109
4512,7
4514,21
4515,11
4516,5
4517,3
4518,2
4519,7
4521,10
4522,6
4523,16
4524,8
4525,8
4526,13
4527,10
4528,6
4529,3
4530,2
4531,2
4532,35
4533,5
4534,10
4535,8
4536,99
4538,4
4539,5
4540,7
4541,40
4542,4
4543,3
4544,12
4545,1
4546,20
4547,3
4548,1
4549,6
4550,3
4551,3
4552,20
4553,21
4554,15
4555,3
4556,1
4557,10
4559,1
4560,22
4561,8
4562,2
4563,2
4564,7
4565,13
4566,27
4567,9
4568,10
4569,38
4570,3
4571,7
4572,9
4573,2
4575,33
4576,6
4577,1
4578,2
4579,5
4580,7
4581,15
4582,5
4583,3
4584,15
4585,4
4586,16
4587,26
4588,5
4589,7
4590,42
4591,5
4592,25
4593,16
4594,51
4595,8
4596,1
4598,8
4599,1
4600,7
4601,10
4602,2
4603,17
4604,2
4605,1
4606,2
4607,35
4608,38
4609,5
4610,9
4611,22
4612,1
4613,5
4615,7
4616,50
4617,1
4618,8
4619,1
4620,3
4621,4
4622,18
4623,12
4624,4
4625,3
4626,18
4627,7
4628,6
4630,44
4631,13
4632,3
4633,2
4634,14
4635,17
4636,16
4637,5
4639,7
4640,14
4641,7
4643,13
4644,4
4645,5
4646,16
4647,1
4648,61
4649,8
4650,8
4651,13
4652,24
4653,1
4654,4
4655,5
4656,9
4658,15
4659,4
4660,2
4662,1
4663,2
4664,3
4665,28
4666,2
4667,1
4668,11
4669,1
4670,3
4671,6
4672,2
4673,28
4674,9
4675,7
4676,7
4677,5
4678,7
4679,3
4680,4
4681,31
4682,3
4683,23
4685,8
4686,13
4687,3
4688,3
4689,12
4690,1
4691,71
4692,40
4693,5
4694,6
4695,13
4696,34
4698,5
4699,3
4700,12
4701,60
4702,3
4703,6
4704,9
4705,14
4706,8
4707,5
4708,37
4709,2
4710,6
4711,17
4712,21
4713,25
4714,4
4715,14
4716,4
4717,1
4718,50
4719,9
4720,1
4721,1
4722,12
4723,3
4724,9
4725,4
4726,4
4727,5
4728,32
4729,9
4730,15
4731,23
4732,4
4733,8
4734,21
4735,4
4736,6
4737,9
4738,24
4739,4
4740,4
4741,3
4742,2
4743,11
4744,14
4745,4
4746,6
4747,11
4748,60
4749,49
4750,8
4751,17
4752,39
4753,13
4754,7
4755,7
4756,3
4757,1
4758,5
4759,5
4760,2
4761,29
4762,22
4763,17
4764,1
4765,3
4766,32
4767,1
4768,9
4769,5
4770,24
4771,19
4772,22
4773,4
4774,2
4775,3
4776,9
4777,39
4778,3
4779,2
4780,51
4781,3
4782,24
4783,23
4784,8
4785,1
4786,2
4787,55
4788,22
4789,15
4790,10
4792,11
4793,3
4794,14
4795,1
4796,4
4797,1
4798,1
4799,19
4800,64
4801,5
4802,58
4803,8
4804,6
4806,20
4807,4
4808,8
4809,2
4810,6
4811,6
4813,27
4814,8
4815,5
4816,6
4817,2
4818,8
4820,9
4821,9
4822,18
4823,4
4824,34
4825,141
4827,8
4829,15
4830,7
4831,2
4832,2
4833,6
4834,1
4835,11
4836,7
4837,78
4839,7
4840,8
4841,11
4842,23
4843,6
4844,27
4845,12
4846,16
4847,3
4848,1
4849,7
4850,8
4851,9
4852,8
4853,1
4854,5
4855,8
4856,9
4857,6
4859,44
4860,9
4861,1
4862,16
4863,9
4864,2
4865,16
4866,7
4867,6
4868,3
4869,7
4870,29
4871,14
4872,2
4873,2
4874,6
4875,5
4876,30
4877,14
4878,35
4880,10
4881,14
4882,6
4883,9
4884,26
4885,28
4886,59
4887,26
4888,6
4889,12
4890,9
4891,27
4892,3
4893,12
4894,1
4895,20
4896,7
4897,48
4898,13
4899,6
4900,6
4901,27
4902,8
4903,13
4904,33
4905,6
4906,6
4907,15
4908,20
4909,6
4910,1
4911,14
4912,16
4913,4
4914,7
4915,7
4917,10
4918,20
4919,52
4920,3
4921,3
4922,6
4923,48
4924,20
4925,4
4926,6
4927,7
4928,4
4929,7
4930,1
4931,2
4932,13
4933,13
4934,3
4935,3
4936,3
4937,12
4938,8
4939,6
4940,3
4941,15
4942,6
4943,3
4944,5
4945,11
4946,7
4947,2
4948,7
4949,3
4950,65
4951,1
4952,18
4953,6
4954,3
4955,14
4956,5
4957,9
4958,33
4959,5
4960,22
4961,15
4962,20
4963,14
4964,22
4965,20
4966,7
4967,3
4968,8
4969,9
4970,16
4971,48
4972,11
4973,30
4974,11
4975,7
4976,14
4977,16
4978,1
4979,19
4980,3
4981,1
4983,7
4984,35
4985,28
4986,1
4987,4
4988,27
4989,28
4990,9
4991,11
4992,4
4993,12
4994,2
4995,24
4996,2
4997,14
4998,1
4999,2
5000,10
5001,41
5002,37
5003,5
5004,15
5006,6
5007,18
5008,2
5009,4
5011,8
5013,11
5014,16
5015,4
5016,34
5017,8
5018,21
5019,7
5020,5
5022,9
5023,5
5024,19
5025,7
5026,10
5027,1
5028,74
5030,9
5031,2
5032,11
5033,1
5035,2
5036,5
5037,19
5038,3
5039,1
5040,10
5041,21
5042,5
5043,6
5044,16
5045,4
5046,10
5047,8
5048,25
5049,5
5050,4
5051,5
5052,3
5053,3
5054,21
5055,39
5056,13
5057,6
5058,21
5059,37
5060,14
5061,3
5062,26
5063,4
5064,29
5065,13
5066,55
5067,9
5068,19
5069,8
5070,28
5071,98
5072,9
5073,5
5074,4
5075,22
5076,13
5077,1
5078,2
5079,46
5080,14
5081,13
5082,25
5083,44
5084,40
5085,12
5086,2
5087,7
5088,18
5089,8
5090,34
5091,15
5092,32
5093,50
5094,11
5095,13
5096,30
5097,12
5098,5
5099,15
5100,22
5101,17
5102,11
5103,9
5104,4
5105,16
5106,5
5107,6
5108,4
5109,15
5110,8
5111,46
5112,5
5113,37
5114,19
5115,7
5116,14
5117,15
5118,11
5119,63
5120,10
5121,25
5122,20
5123,34
5124,31
5125,39
5126,19
5127,11
5128,12
5129,21
5130,39
5131,16
5132,29
5133,10
5134,7
5135,11
5136,46
5137,15
5138,12
5139,12
5140,10
5141,14
5142,66
5143,45
5144,94
5145,20
5146,14
5147,12
5148,12
5149,18
5150,14
5151,13
5152,12
5153,8
5154,11
5155,8
5156,40
5157,47
5158,48
5159,9
5160,318
5161,19
5162,17
5163,5
5164,5
5165,11
5166,8
5167,6
5168,13
5169,4
5170,31
5171,25
5172,9
5173,26
5174,15
5175,12
5176,12
5177,7
5178,12
5179,15
5180,6
5181,16
5182,44
5183,9
5184,11
5185,9
5186,8
5187,12
5188,6
5189,19
5190,19
5191,6
5192,16
5193,21
5194,10
5195,10
5196,12
5197,7
5198,14
5199,16
5200,24
5201,37
5202,4
5204,8
5205,9
5206,8
5207,8
5208,5
5209,10
5210,11
5211,134
5212,11
5213,8
5214,7
5215,8
5216,48
5217,16
5218,11
5219,13
5220,14
5221,7
5222,24
5223,10
5224,9
5225,5
5226,5
5227,15
5228,11
5229,19
5230,19
5231,9
5232,48
5233,12
5234,48
5235,7
5236,12
5237,10
5238,12
5239,56
5240,4
5241,44
5242,18
5243,11
5244,9
5245,47
5246,11
5247,56
5248,15
5249,27
5250,10
5251,8
5252,49
5253,6
5254,59
5255,46
5256,26
5257,10
5258,12
5259,14
5260,15
5261,5
5262,23
5263,25
5264,19
5265,26
5266,10
5267,12
5268,16
5269,6
5270,8
5271,29
5272,21
5273,13
5274,11
5275,9
5276,19
5277,9
5278,77
5279,5
5280,5
5281,22
5282,25
5283,7
5284,19
5285,8
5286,6
5287,5
5288,13
5289,73
5290,18
5291,9
5292,93
5293,61
5294,14
5295,18
5296,7
5297,9
5298,12
5299,13
5300,27
5301,92
5302,19
5303,7
5304,9
5305,22
5306,11
5307,25
5308,19
5309,22
5310,6
5311,24
5312,41
5313,10
5314,24
5315,5
5316,3
5317,16
5318,19
5319,12
5320,11
5321,37
5322,10
5323,27
5324,9
5325,9
5326,17
5327,16
5328,18
5329,8
5330,8
5331,16
5332,51
5333,5
5334,62
5335,38
5336,8
5337,10
5338,11
5339,9
5340,17
5341,7
5342,8
5343,6
5344,13
5345,8
5346,17
5347,5
5348,30
5349,10
5350,5
5351,27
5352,9
5353,12
5354,13
5355,7
5356,77
5357,15
5358,16
5359,5
5360,9
5361,17
5362,9
5363,11
5364,29
5365,9
5366,8
5367,55
5368,17
5369,8
5370,8
5371,7
5372,10
5373,38
5374,25
5375,3
5376,7
5377,49
5378,9
5379,9
5380,14
5381,16
5382,18
5383,7
5384,15
5385,33
5386,32
5387,8
5388,25
5389,13
5390,9
5391,9
5392,24
5393,8
5394,16
5395,7
5396,67
5397,13
5398,5
5399,244
5400,31
5401,12
5402,27
5403,16
5404,7
5405,25
5406,19
5407,9
5408,32
5409,4
5410,6
5411,16
5412,15
5413,33
5414,7
5415,14
5416,8
5417,17
5418,77
5419,21
5420,27
5421,40
5422,8
5423,11
5424,17
5425,10
5426,9
5427,19
5428,15
5429,12
5430,14
5431,13
5432,7
5433,9
5434,35
5435,5
5436,14
5437,8
5438,21
5439,28
5440,29
5441,7
5442,19
5443,16
5444,29
5445,24
5446,97
5447,16
5448,5
5449,12
5450,11
5451,40
5452,34
5453,8
5454,14
5455,50
5456,25
5457,22
5458,14
5459,20
5460,9
5461,15
5462,11
5463,25
5464,6
5465,20
5466,13
5467,11
5468,43
5469,76
5470,9
5471,9
5472,26
5473,37
5474,5
5475,29
5476,27
5477,17
5478,35
5479,15
5480,13
5481,6
5482,16
5483,13
5484,9
5485,10
5486,8
5487,31
5488,9
5489,7
5490,10
5491,11
5492,8
5493,9
5494,18
5495,24
5496,9
5497,12
5498,212
5499,14
5500,15
5501,10
5502,12
5503,26
5504,9
5505,51
5506,18
5507,8
5508,9
5509,10
5510,30
5511,8
5512,10
5513,15
5514,54
5515,27
5516,29
5517,16
5518,13
5519,9
5520,6
5521,1
5522,21
5523,17
5524,9
5525,41
5526,18
5527,30
5528,7
5529,22
5530,36
5531,13
5532,22
5533,13
5534,4
5535,6
5536,8
5537,7
5538,9
5539,7
5540,8
5541,22
5542,34
5543,10
5544,12
5545,24
5546,14
5547,22
5548,11
5549,11
5550,38
5551,33
5552,11
5553,55
5554,20
5555,6
5556,9
5557,6
5558,7
5559,12
5560,10
5561,21
5562,21
5563,55
5564,71
5565,8
5566,14
5567,69
5568,9
5569,11
5570,8
5571,9
5572,15
5573,55
5574,20
5575,20
5576,19
5577,18
5578,16
5579,10
5580,12
5581,8
5582,33
5583,10
5584,20
5585,25
5586,36
5587,14
5588,42
5589,29
5590,9
5591,14
5592,6
5593,6
5594,25
5595,16
5596,73
5597,39
5598,23
5599,18
5600,46
5601,14
5602,9
5603,27
5604,8
5605,14
5606,24
5607,9
5608,8
5609,26
5610,7
5611,17
5612,21
5613,4
5614,6
5615,15
5616,8
5617,5
5618,31
5619,15
5620,13
5621,10
5622,8
5623,14
5624,13
5625,16
5626,15
5627,27
5628,15
5629,30
5630,9
5631,19
5632,6
5633,15
5634,29
5635,22
5636,12
5637,8
5638,12
5639,11
5640,26
5641,20
5642,24
5643,8
5644,19
5645,10
5646,63
5647,8
5648,5
5649,6
5650,4
5651,32
5652,11
5653,10
5654,6
5655,27
5656,6
5657,13
5658,71
5659,8
5660,27
5661,10
5662,6
5663,4
5664,24
5665,22
5666,24
5667,10
5668,15
5669,3
5670,8
5671,18
5672,14
5673,8
5674,11
5675,9
5676,17
5677,13
5678,48
5679,12
5680,10
5681,30
5682,10
5683,14
5684,13
5685,19
5686,32
5687,17
5688,46
5689,43
5690,25
5691,13
5692,10
5693,8
5694,9
5695,12
5696,7
5697,15
5698,15
5699,8
5700,14
5701,11
5702,25
5703,19
5704,10
5705,31
5706,13
5707,18
5708,10
5709,6
5710,23
5711,24
5712,7
5713,6
5714,21
5715,6
5716,51
5717,13
5718,13
5719,8
5720,4
5721,33
5722,10
5723,66
5724,22
5725,18
5726,28
5727,34
5728,17
5729,23
5730,13
5731,32
5732,8
5733,5
5734,5
5735,8
5736,8
5737,3
5738,96
5739,11
5740,5
5741,11
5742,14
5743,25
5744,36
5745,30
5746,6
5747,9
5748,15
5749,18
5750,16
5751,40
5752,8
5753,10
5754,9
5755,7
5756,24
5757,13
5758,6
5759,40
5760,16
5761,11
5762,9
5763,19
5764,11
5765,13
5766,12
5767,52
5768,5
5769,9
5770,15
5771,23
5772,9
5773,18
5774,7
5775,12
5776,15
5777,7
5778,4
5779,45
5780,12
5781,49
5782,28
5783,18
5784,20
5785,4
5786,28
5787,24
5788,7
5789,10
5790,25
5791,105
5792,9
5793,150
5794,11
5795,9
5796,13
5797,9
5798,15
5799,15
5800,18
5801,8
5802,21
5803,3
5804,27
5805,22
5806,19
5807,16
5808,34
5809,7
5810,19
5811,10
5812,20
5813,12
5814,26
5815,7
5816,11
5817,13
5818,5
5819,15
5820,16
5821,8
5822,12
5823,8
5824,215
5825,9
5826,12
5827,11
5828,8
5829,42
5830,18
5831,39
5832,11
5833,32
5834,29
5835,4
5836,12
5837,6
5838,5
5839,19
5840,8
5841,34
5842,15
5843,5
5844,10
5845,8
5846,16
5847,18
5848,10
5849,12
5850,35
5851,26
5852,9
5853,27
5854,15
5855,34
5856,8
5857,39
5858,18
5859,12
5860,29
5861,14
5862,21
5863,7
5864,18
5865,9
5866,7
5867,21
5868,16
5869,24
5870,11
5871,14
5872,12
5873,17
5874,7
5875,8
5876,21
5877,17
5878,11
5879,5
5880,12
5881,17
5882,34
5883,33
5884,9
5885,10
5886,16
5887,13
5888,5
5889,7
5890,10
5891,10
5892,34
5893,21
5894,27
5895,25
5896,14
5897,2
5898,9
5899,7
5900,9
5901,29
5902,39
5903,16
5904,14
5905,13
5906,11
5907,9
5908,48
5909,27
5910,12
5911,67
5912,8
5913,11
5914,34
5915,41
5916,10
5917,6
5918,12
5919,8
5920,5
5921,24
5922,14
5923,20
5924,7
5925,9
5926,11
5927,18
5928,34
5929,16
5930,9
5931,9
5932,5
5933,11
5934,90
5935,49
5936,42
5937,9
5938,14
5939,8
5940,19
5941,15
5942,31
5943,17
5944,98
5945,6
5946,4
5947,16
5948,7
5949,15
5950,11
5951,10
5952,16
5953,21
5954,9
5955,11
5956,7
5957,21
5958,15
5959,6
5960,5
5961,9
5962,9
5963,9
5964,10
5965,35
5966,34
5967,27
5968,30
5969,9
5970,4
5971,22
5972,38
5973,14
5974,16
5975,28
5976,7
5977,9
5978,21
5979,11
5980,23
5981,24
5982,18
5983,10
5984,39
5985,3
5986,8
5987,102
5988,10
5989,15
5990,100
5991,10
5992,16
5993,6
5994,24
5995,17
5996,18
5997,13
5998,19
5999,64
6000,31
6001,8
6002,28
6003,6
6004,7
6005,6
6006,12
6007,8
6008,28
6009,7
6010,22
6011,21
6012,32
6013,14
6014,11
6015,102
6016,67
6017,10
6018,11
6019,9
6020,15
6021,9
6022,5
6023,12
6024,10
6025,7
6026,42
6027,22
6028,20
6029,10
6030,27
6031,19
6032,9
6033,117
6034,5
6035,25
6036,11
6037,9
6038,36
6039,11
6040,8
6041,8
6042,15
6043,11
6044,16
6045,22
6046,50
6047,100
6048,14
6049,20
6050,9
6051,21
6052,37
6053,18
6054,52
6055,17
6056,5
6057,24
6058,73
6059,12
6060,17
6061,11
6062,5
6063,10
6064,12
6065,55
6066,32
6067,8
6068,18
6069,6
6070,8
6071,7
6072,22
6073,4
6074,9
6075,10
6076,13
6077,8
6078,6
6079,9
6080,11
6081,21
6082,5
6083,11
6084,9
6085,33
6086,10
6087,10
6088,7
6089,44
6090,25
6091,10
6092,7
6093,8
6094,7
6095,9
6096,12
6097,26
6098,7
6099,8
6100,32
6101,11
6102,17
6103,44
6104,6
6105,34
6106,18
6107,36
6108,12
6109,15
6110,10
6111,13
6112,11
6113,35
6114,8
6115,10
6116,10
6117,49
6118,10
6119,6
6120,18
6121,35
6122,48
6123,30
6124,5
6125,16
6126,16
6127,307
6128,4
6129,8
6130,35
6131,36
6132,13
6133,8
6134,6
6135,6
6136,15
6137,11
6138,4
6139,20
6140,10
6141,25
6142,8
6143,10
6144,67
6145,10
6146,15
6147,11
6148,10
6149,3
6150,12
6151,26
6152,8
6153,46
6154,30
6155,12
6156,24
6157,56
6158,12
6159,4
6160,65
6161,34
6162,9
6163,29
6164,61
6165,15
6166,14
6167,3
6168,10
6169,12
6170,23
6171,16
6172,14
6173,8
6174,9
6175,11
6176,14
6177,29
6178,14
6179,5
6180,9
6181,22
6182,17
6183,13
6184,21
6185,12
6186,8
6187,10
6188,11
6189,7
6190,25
6191,8
6192,5
6193,11
6194,23
6195,34
6196,5
6197,5
6198,16
6199,13
6200,13
6201,11
6202,13
6203,11
6204,14
6205,9
6206,20
6207,49
6208,17
6209,10
6210,13
6211,5
6212,57
6213,8
6214,8
6215,14
6216,38
6217,7
6218,17
6219,6
6220,37
6221,13
6222,8
6223,16
6224,43
6225,5
6226,7
6227,43
6228,12
6229,9
6230,14
6231,7
6232,10
6233,8
6234,23
6235,24
6236,29
6237,9
6238,37
6239,6
6240,7
6241,19
6242,10
6243,13
6244,24
6245,6
6246,3
6247,30
6248,67
6249,12
6250,8
6251,35
6252,64
6253,22
6254,9
6255,53
6256,23
6257,4
6258,24
6259,7
6260,26
6261,14
6262,30
6263,8
6264,15
6265,13
6266,13
6267,55
6268,169
6269,17
6270,10
6271,13
6272,28
6273,5
6274,7
6275,34
6276,6
6277,28
6278,24
6279,16
6280,18
6281,9
6282,24
6283,11
6284,7
6285,23
6286,17
6287,18
6288,30
6289,25
6290,15
6291,6
6292,24
6293,44
6294,16
6295,43
6296,33
6297,17
6298,45
6299,7
6300,31
6301,7
6302,7
6303,62
6304,23
6305,13
6306,6
6307,8
6308,10
6309,23
6310,11
6311,7
6312,33
6313,14
6314,10
6315,27
6316,10
6317,15
6318,11
6319,9
6320,4
6321,16
6322,12
6323,13
6324,26
6325,17
6326,7
6327,28
6328,9
6329,11
6330,7
6331,12
6332,17
6333,15
6334,4
6335,11
6336,11
6337,12
6338,9
6339,7
6340,6
6341,17
6342,15
6343,5
6344,21
6345,6
6346,19
6347,53
6348,22
6349,11
6350,6
6351,17
6352,13
6353,14
6354,3
6355,9
6356,9
6357,15
6358,31
6359,17
6360,10
6361,13
6362,8
6363,18
6364,11
6365,9
6366,31
6367,6
6368,13
6369,11
6370,16
6371,2
6372,18
6373,28
6374,4
6375,9
6376,8
6377,11
6378,14
6379,11
6380,10
6381,9
6382,8
6383,9
6384,9
6385,10
6386,10
6387,8
6388,19
6389,13
6390,21
6391,72
6392,3
6393,7
6394,40
6395,17
6396,6
6397,14
6398,30
6399,10
6400,9
6401,102
6402,9
6403,26
6404,8
6405,12
6406,16
6407,6
6408,24
6409,9
6410,21
6411,16
6412,7
6413,45
6414,21
6415,55
6416,19
6417,12
6418,5
6419,47
6420,18
6421,18
6422,15
6423,38
6424,15
6425,11
6426,10
6427,9
6428,8
6429,15
6430,12
6431,7
6432,14
6433,6
6434,21
6435,10
6436,118
6437,9
6438,4
6439,13
6440,5
6441,21
6442,9
6443,59
6444,8
6445,13
6446,38
6447,31
6448,7
6449,6
6450,16
6451,7
6452,27
6453,20
6454,36
6455,26
6456,9
6457,7
6458,102
6459,16
6460,6
6461,10
6462,37
6463,22
6464,10
6465,6
6466,41
6467,18
6468,13
6469,32
6470,27
6471,9
6472,13
6473,10
6474,8
6475,5
6476,21
6477,10
6478,15
6479,41
6480,44
6481,23
6482,12
6483,80
6484,26
6485,9
6486,15
6487,6
6488,11
6489,19
6490,26
6491,10
6492,9
6493,9
6494,31
6495,65
6496,9
6497,13
6498,12
6499,11
6500,21
6501,8
6502,33
6503,15
6504,31
6505,9
6506,12
6507,40
6508,4
6509,11
6510,13
6511,24
6512,6
6513,8
6514,8
6515,40
6516,9
6517,28
6518,19
6519,19
6520,8
6521,7
6522,10
6523,18
6524,60
6525,18
6526,5
6527,22
6528,8
6529,13
6530,17
6531,7
6532,15
6533,10
6534,9
6535,25
6536,19
6537,35
6538,10
6539,9
6540,12
6541,17
6542,11
6543,11
6544,42
6545,10
6546,69
6547,20
6548,2
6549,80
6550,21
6551,18
6552,10
6553,8
6554,15
6555,8
6556,27
6557,15
6558,77
6559,7
6560,5
6561,33
6562,9
6563,3
6564,11
6565,9
6566,29
6567,3
6568,12
6569,19
6570,16
6571,30
6572,37
6573,7
6574,8
6575,10
6576,22
6577,8
6578,19
6579,15
6580,24
6581,9
6582,9
6583,10
6584,10
6585,17
6586,9
6587,7
6588,10
6589,19
6590,13
6591,13
6592,5
6593,17
6594,49
6595,7
6596,14
6597,12
6598,9
6599,12
6600,11
6601,12
6602,45
6603,26
6604,11
6605,44
6606,6
6607,28
6608,25
6609,8
6610,10
6611,14
6612,14
6613,17
6614,7
6615,24
6616,14
6617,7
6618,48
6619,16
6620,55
6621,44
6622,12
6623,9
6624,8
6625,17
6626,8
6627,8
6628,9
6629,36
6630,14
6631,9
6632,7
6633,39
6634,18
6635,10
6636,7
6637,14
6638,22
6639,16
6640,7
6641,4
6642,20
6643,8
6644,14
6645,9
6646,3
6647,5
6648,8
6649,10
6650,10
6651,22
6652,31
6653,4
6654,31
6655,7
6656,8
6657,14
6658,9
6659,16
6660,8
6661,25
6662,38
6663,13
6664,30
6665,12
6666,9
6667,34
6668,91
6669,7
6670,10
6671,72
6672,21
6673,3
6674,12
6675,6
6676,14
6677,15
6678,9
6679,46
6680,80
6681,23
6682,22
6683,11
6684,11
6685,9
6686,43
6687,73
6688,12
6689,13
6690,7
6691,24
6692,28
6693,13
6694,7
6695,14
6696,47
6697,37
6698,5
6699,28
6700,39
6701,13
6702,16
6703,18
6704,11
6705,36
6706,24
6707,5
6708,10
6709,9
6710,16
6711,4
6712,5
6713,24
6714,12
6715,7
6716,14
6717,5
6718,19
6719,28
6720,62
6721,8
6722,53
6723,63
6724,24
6725,65
6726,13
6727,25
6728,24
6729,10
6730,7
6731,32
6732,14
6733,56
6734,8
6735,7
6736,21
6737,7
6738,48
6739,37
6740,11
6741,8
6742,46
6743,17
6744,11
6745,13
6746,22
6747,7
6748,7
6749,16
6750,64
6751,10
6752,36
6753,19
6754,11
6755,23
6756,17
6757,83
6758,16
6759,159
6760,64
6761,11
6762,5
6763,24
6764,9
6765,92
6766,8
6767,14
6768,15
6769,50
6770,10
6771,11
6772,16
6773,23
6774,12
6775,13
6776,34
6777,5
6778,14
6779,18
6780,57
6781,81
6782,8
6783,16
6784,26
6785,49
6786,15
6787,5
6788,53
6789,15
6790,14
6791,39
6792,9
6793,18
6794,27
6795,25
6796,10
6797,10
6798,11
6799,33
6800,27
6801,38
6802,6
6803,17
6804,5
6805,18
6806,8
6807,17
6808,21
6809,9
6810,7
6811,4
6812,10
6813,18
6814,38
6815,11
6816,13
6817,19
6818,15
6819,6
6820,7
6821,21
6822,14
6823,20
6824,12
6825,45
6826,57
6827,37
6828,10
6829,12
6830,6
6831,6
6832,17
6833,11
6834,26
6835,8
6836,9
6837,5
6838,60
6839,9
6840,8
6841,7
6842,17
6843,27
6844,7
6845,76
6846,10
6847,15
6848,9
6849,11
6850,182
6851,9
6852,11
6853,15
6854,14
6855,10
6856,6
6857,18
6858,16
6859,12
6860,11
6861,40
6862,13
6863,8
6864,13
6865,12
6866,14
6867,10
6868,75
6869,15
6870,46
6871,17
6872,23
6873,4
6874,58
6875,9
6876,10
6877,19
6878,70
6879,25
6880,17
6881,34
6882,16
6883,30
6884,8
6885,24
6886,23
6887,17
6888,9
6889,6
6890,40
6891,72
6892,11
6893,14
6894,12
6895,19
6896,8
6897,5
6898,6
6899,19
6900,54
6901,4
6902,42
6903,19
6904,18
6905,27
6906,7
6907,9
6908,23
6909,77
6910,41
6911,33
6912,4
6913,7
6914,49
6915,15
6916,34
6917,10
6918,14
6919,13
6920,36
6921,12
6922,28
6923,9
6924,5
6925,16
6926,5
6927,23
6928,8
6929,38
6930,33
6931,8
6932,30
6933,10
6934,9
6935,14
6936,47
6937,11
6938,9
6939,7
6940,24
6941,13
6942,5
6943,27
6944,14
6945,51
6946,16
6947,4
6948,39
6949,11
6950,10
6951,21
6952,27
6953,24
6954,19
6955,10
6956,5
6957,12
6958,11
6959,16
6960,13
6961,5
6962,142
6963,12
6964,36
6965,17
6966,8
6967,28
6968,29
6969,10
6970,6
6971,45
6972,13
6973,7
6974,7
6975,19
6976,9
6977,18
6978,24
6979,55
6980,18
6981,87
6982,21
6983,12
6984,19
6985,5
6986,8
6987,21
6988,6
6989,15
6990,2
6991,6
6992,10
6993,5
6994,8
6995,7
6996,7
6997,19
6998,35
6999,11
7000,20
7001,13
7002,18
7003,14
7004,3
7005,10
7006,7
7007,90
7008,11
7009,11
7010,10
7011,9
7012,11
7013,32
7014,19
7015,52
7016,7
7017,20
7018,10
7019,35
7020,7
7021,10
7022,4
7023,4
7024,11
7025,16
7026,14
7027,5
7028,11
7029,19
7030,22
7031,35
7032,11
7033,10
7034,4
7035,10
7036,14
7037,8
7038,51
7039,11
7040,24
7041,31
7042,14
7043,12
7044,6
7045,14
7046,13
7047,18
7048,8
7049,46
7050,32
7051,12
7052,8
7053,36
7054,20
7055,9
7056,23
7057,7
7058,34
7059,11
7060,49
7061,10
7062,13
7063,14
7064,9
7065,15
7066,8
7067,12
7068,4
7069,35
7070,18
7071,9
7072,39
7073,13
7074,16
7075,4
7076,21
7077,8
7078,13
7079,24
7080,15
7081,14
7082,6
7083,26
7084,10
7085,34
7086,9
7087,5
7088,17
7089,11
7090,15
7091,21
7092,48
7093,26
7094,9
7095,18
7096,8
7097,12
7098,15
7099,9
7100,10
7101,14
7102,23
7103,8
7104,8
7105,8
7106,8
7107,7
7108,6
7109,17
7110,15
7111,10
7112,21
7113,65
7114,32
7115,23
7116,27
7117,9
7118,6
7119,15
7120,23
7121,13
7122,20
7123,9
7124,7
7125,7
7126,8
7127,11
7128,12
7129,23
7130,14
7131,8
7132,9
7133,5
7134,10
7135,22
7136,9
7137,17
7138,26
7139,23
7140,16
7141,11
7142,14
7143,28
7144,16
7145,5
7146,13
7147,92
7148,13
7149,7
7150,9
7151,29
7152,11
7153,11
7154,9
7155,17
7156,8
7157,13
7158,38
7159,20
7160,30
7161,20
7162,9
7163,11
7164,9
7165,7
7166,6
7167,31
7168,5
7169,11
7170,18
7171,14
7172,19
7173,9
7174,11
7175,12
7176,9
7177,9
7178,11
7179,12
7180,18
7181,8
7182,7
7183,25
7184,23
7186,14
7187,1
7188,3
7189,57
7190,6
7191,51
7192,29
7193,14
7194,38
7195,11
7196,15
7197,17
7198,26
7199,28
7200,58
7201,7
7202,13
7203,22
7204,14
7205,17
7206,15
7207,11
7208,13
7209,18
7210,19
7211,42
7212,5
7213,10
7214,21
7215,22
7216,33
7217,8
7218,11
7219,10
7220,9
7221,13
7222,15
7223,28
7224,10
7225,8
7226,3
7227,7
7228,13
7229,10
7230,11
7231,24
7232,8
7233,11
7234,2
7235,16
7236,42
7237,10
7238,10
7239,6
7240,19
7241,28
7242,6
7243,6
7244,5
7245,11
7246,6
7247,6
7248,57
7249,26
7250,26
7251,50
7252,9
7253,8
7254,11
7255,7
7256,7
7257,29
7258,14
7259,9
7260,26
7261,22
7262,17
7263,11
7264,9
7265,37
7266,34
7267,6
7268,27
7269,7
7270,19
7271,18
7272,19
7273,13
7274,8
7275,25
7276,24
7277,16
7278,19
7279,6
7280,14
7281,9
7282,20
7283,3
7284,19
7285,4
7286,6
7287,16
7288,35
7289,5
7290,37
7291,11
7292,59
7293,17
7294,23
7295,12
7296,14
7297,7
7298,10
7299,17
7300,9
7301,18
7302,9
7303,14
7304,6
7305,10
7306,15
7307,10
7308,7
7309,28
7310,49
7311,7
7312,9
7313,14
7314,65
7315,10
7316,10
7317,10
7318,6
7319,42
7320,16
7321,10
7322,11
7323,11
7324,8
7325,38
7326,16
7327,8
7328,6
7329,47
7330,7
7331,10
7332,29
7333,14
7334,8
7335,29
7336,5
7337,14
7338,9
7339,13
7340,46
7341,6
7342,27
7343,15
7344,61
7345,14
7346,34
7347,35
7348,20
7349,21
7350,13
7351,9
7352,8
7353,8
7354,20
7355,16
7356,17
7357,22
7358,14
7359,33
7360,16
7361,39
7362,17
7363,7
7364,14
7365,13
7366,61
7367,12
7368,93
7369,2
7370,21
7371,28
7372,9
7373,12
7374,8
7375,14
7376,12
7377,11
7378,9
7379,9
7380,42
7381,19
7382,11
7383,13
7384,19
7385,28
7386,12
7387,23
7388,13
7389,19
7390,19
7391,9
7392,14
7393,33
7394,14
7395,10
7396,6
7397,12
7398,28
7399,11
7400,16
7401,15
7402,17
7403,18
7404,12
7405,36
7406,57
7407,8
7408,9
7409,10
7410,43
7411,4
7412,19
7413,9
7414,20
7415,55
7416,9
7417,15
7418,10
7419,13
7420,32
7421,7
7422,10
7423,7
7424,26
7425,61
7426,16
7427,11
7428,4
7429,8
7430,10
7431,20
7432,18
7433,17
7434,10
7435,13
7436,15
7437,4
7438,44
7439,13
7440,5
7441,15
7442,8
7443,10
7444,8
7445,16
7446,66
7447,7
7448,80
7449,10
7450,8
7451,22
7452,13
7453,12
7454,22
7455,15
7456,17
7457,8
7458,35
7459,123
7460,16
7461,15
7462,16
7463,8
7464,11
7465,7
7466,10
7467,19
7468,14
7469,48
7470,7
7471,24
7472,4
7473,51
7474,7
7475,10
7476,10
7477,16
7478,7
7479,17
7480,15
7481,11
7482,14
7483,11
7484,9
7485,15
7486,15
7487,9
7488,51
7489,29
7490,23
7491,18
7492,11
7493,13
7494,35
7495,14
7496,14
7497,13
7498,15
7499,18
7500,21
7501,3
7502,22
7503,40
7504,38
7505,15
7506,29
7507,142
7508,10
7509,13
7510,22
7511,27
7512,12
7513,103
7514,16
7515,17
7516,42
7517,43
7518,34
7519,13
7520,10
7521,15
7522,11
7523,9
7524,17
7525,40
7526,13
7527,17
7528,15
7529,16
7530,35
7531,28
7532,21
7533,7
7534,37
7535,18
7536,17
7537,6
7538,6
7539,30
7540,61
7541,12
7542,8
7543,20
7544,15
7545,12
7546,10
7547,7
7548,19
7549,8
7550,32
7551,18
7552,32
7553,15
7554,7
7555,7
7556,26
7557,13
7558,9
7559,17
7560,14
7561,15
7562,41
7563,7
7564,9
7565,18
7566,19
7567,11
7568,19
7569,112
7570,8
7571,35
7572,14
7573,25
7574,14
7575,33
7576,35
7577,30
7578,8
7579,8
7580,13
7581,13
7582,22
7583,11
7584,7
7585,7
7586,8
7587,7
7588,17
7589,14
7590,41
7591,9
7592,11
7593,35
7594,23
7595,40
7596,31
7597,17
7598,26
7599,13
7600,16
7601,8
7602,15
7603,54
7604,10
7605,10
7606,9
7607,26
7608,5
7609,9
7610,17
7611,13
7612,31
7613,11
7614,32
7615,21
7616,50
7617,20
7618,41
7619,23
7620,14
7621,22
7622,20
7623,14
7624,6
7625,13
7626,8
7627,4
7628,12
7629,12
7630,8
7631,19
7632,6
7633,18
7634,50
7635,5
7636,11
7637,30
7638,15
7639,33
7640,42
7641,13
7642,7
7643,25
7644,14
7645,121
7646,12
7647,15
7648,18
7649,20
7650,20
7651,34
7652,6
7653,9
7654,17
7655,17
7656,28
7657,16
7658,12
7659,9
7660,7
7661,12
7662,11
7663,6
7664,6
7665,11
7666,89
7667,16
7668,9
7669,11
7670,6
7671,10
7672,8
7673,5
7674,15
7675,11
7676,7
7677,29
7678,8
7679,15
7680,18
7681,15
7682,11
7683,12
7684,37
7685,21
7686,11
7687,22
7688,17
7689,34
7690,35
7691,40
7692,20
7693,9
7694,50
7695,10
7696,17
7697,9
7698,7
7699,11
7700,33
7701,5
7702,23
7703,31
7704,57
7705,7
7706,12
7707,26
7708,101
7709,18
7710,4
7711,18
7712,14
7713,16
7714,9
7715,17
7716,18
7717,6
7718,6
7719,21
7720,7
7721,44
7722,8
7723,24
7724,34
7725,11
7726,9
7727,72
7728,21
7729,4
7730,21
7731,19
7732,8
7733,16
7734,16
7735,9
7736,38
7737,16
7738,9
7739,8
7740,55
7741,35
7742,49
7743,17
7744,15
7745,13
7746,6
7747,13
7748,21
7749,13
7750,21
7751,11
7752,16
7753,43
7754,6
7755,25
7756,16
7757,28
7758,26
7759,54
7760,9
7761,9
7762,14
7763,49
7764,41
7765,6
7766,8
7767,15
7768,9
7769,12
7770,22
7771,99
7772,17
7773,26
7774,28
7775,7
7776,15
7777,31
7778,7
7779,28
7780,24
7781,16
7782,2
7783,9
7784,37
7785,7
7786,38
7787,11
7788,14
7789,9
7790,3
7791,30
7792,15
7793,9
7794,28
7795,9
7796,20
7797,19
7798,18
7799,14
7800,20
7801,31
7802,7
7803,22
7804,13
7805,9
7806,14
7807,17
7808,5
7809,46
7810,24
7811,10
7812,18
7813,20
7814,7
7815,14
7816,7
7817,40
7818,14
7819,13
7820,10
7821,65
7822,12
7823,15
7824,41
7825,8
7826,32
7827,10
7828,8
7829,31
7830,14
7831,6
7832,10
7833,67
7834,61
7835,59
7836,9
7837,10
7838,11
7839,267
7840,29
7841,19
7842,11
7843,6
7844,13
7845,17
7846,22
7847,14
7848,8
7849,12
7850,10
7851,15
7852,16
7853,9
7854,21
7855,82
7856,15
7857,19
7858,17
7859,93
7860,46
7861,47
7862,15
7863,97
7864,15
7865,12
7866,24
7867,11
7868,7
7869,8
7870,18
7871,16
7872,55
7873,8
7874,10
7875,9
7876,14
7877,14
7878,13
7879,41
7880,10
7881,111
7882,54
7883,19
7884,47
7885,7
7886,61
7887,14
7888,13
7889,11
7890,31
7891,20
7892,13
7893,35
7894,26
7895,7
7896,46
7897,423
7898,5
7899,9
7900,24
7901,13
7902,98
7903,7
7904,107
7905,7
7906,26
7907,43
7908,14
7909,68
7910,26
7911,10
7912,99
7913,8
7914,83
7915,12
7916,4
7917,8
7918,12
7919,14
7920,8
7921,11
7922,15
7923,7
7924,37
7925,30
7926,28
7927,80
7928,11
7929,9
7930,8
7931,10
7932,17
7933,73
7934,59
7935,24
7936,13
7937,18
7938,9
7939,4
7940,6
7941,9
7942,20
7943,13
7944,7
7945,11
7946,11
7947,17
7948,29
7949,10
7950,19
7951,21
7952,23
7953,55
7954,14
7955,9
7956,28
7957,49
7958,6
7959,7
7960,41
7961,14
7962,7
7963,20
7964,6
7965,12
7966,50
7967,7
7968,6
7969,20
7970,11
7971,22
7972,7
7973,11
7974,5
7975,9
7976,8
7977,67
7978,9
7979,8
7980,25
7981,12
7982,65
7983,18
7984,18
7985,8
7986,12
7987,19
7988,9
7989,13
7990,18
7991,14
7992,32
7993,7
7994,17
7995,41
7996,25
7997,40
7998,25
7999,5
8000,69
8001,6
8002,75
8003,9
8004,53
8005,8
8006,17
8007,6
8008,12
8009,13
8010,45
8011,36
8012,10
8013,17
8014,17
8015,23
8016,10
8017,6
8018,15
8019,13
8020,10
8021,5
8022,231
8023,7
8024,22
8025,43
8026,30
8027,4
8028,24
8029,10
8030,34
8031,11
8032,9
8033,15
8034,14
8035,44
8036,9
8037,8
8038,44
8039,7
8040,10
8041,11
8042,39
8043,13
8044,14
8045,26
8046,3
8047,38
8048,8
8049,13
8050,11
8051,11
8052,16
8053,9
8054,8
8055,44
8056,15
8057,32
8058,6
8059,12
8060,39
8061,11
8062,5
8063,25
8064,3
8065,10
8066,18
8067,17
8068,6
8069,6
8070,11
8071,23
8072,7
8073,24
8074,7
8075,31
8076,35
8077,68
8078,3
8079,28
8080,20
8081,20
8082,19
8083,8
8084,60
8085,3
8086,11
8087,9
8088,12
8089,7
8090,18
8091,18
8092,28
8093,53
8094,6
8095,73
8096,16
8097,3
8098,39
8099,10
8100,49
8101,16
8102,10
8103,14
8104,66
8105,11
8106,5
8107,9
8108,8
8109,17
8110,12
8111,10
8112,7
8113,9
8114,4
8115,8
8116,22
8117,30
8118,14
8119,21
8120,8
8121,10
8122,18
8123,41
8124,21
8125,35
8126,5
8127,17
8128,9
8129,4
8130,8
8131,6
8132,13
8133,25
8134,13
8135,20
8136,13
8137,14
8138,8
8139,15
8140,15
8141,13
8142,25
8143,15
8144,46
8145,71
8146,5
8147,5
8148,9
8149,5
8150,91
8151,10
8152,12
8153,5
8154,42
8155,23
8156,19
8157,14
8158,31
8159,13
8160,27
8161,123
8162,31
8163,5
8164,6
8165,10
8166,12
8167,6
8168,15
8169,8
8170,7
8171,9
8172,10
8173,11
8174,58
8175,11
8176,10
8177,10
8178,7
8179,15
8180,7
8181,31
8182,7
8183,4
8184,11
8185,11
8186,3
8187,7
8188,6
8189,3
8190,23
8191,26
8192,13
8193,7
8194,11
8195,8
8196,15
8197,14
8198,12
8199,7
8200,71
8201,7
8202,63
8203,30
8204,28
8205,32
8206,18
8207,8
8208,11
8209,4
8210,29
8211,10
8212,23
8213,14
8214,27
8215,35
8216,5
8217,45
8218,8
8219,10
8220,38
8221,6
8222,21
8223,17
8224,8
8225,53
8226,5
8227,15
8228,6
8229,20
8230,68
8231,36
8232,28
8233,10
8234,23
8235,10
8236,1
8237,12
8238,6
8239,6
8240,10
8241,20
8242,8
8243,9
8244,13
8245,12
8246,39
8247,10
8248,9
8249,31
8250,12
8251,5
8252,49
8253,11
8254,16
8255,18
8256,7
8257,11
8258,11
8259,14
8260,23
8261,7
8262,15
8263,9
8264,4
8265,11
8266,25
8267,14
8268,56
8269,20
8270,8
8271,74
8272,23
8273,9
8274,6
8275,55
8276,22
8277,9
8278,35
8279,14
8280,34
8281,13
8282,5
8283,21
8284,9
8285,8
8286,10
8287,11
8288,6
8289,7
8290,9
8291,11
8292,5
8293,11
8294,4
8295,7
8296,9
8297,9
8298,9
8299,13
8300,25
8301,115
8302,33
8303,18
8304,9
8305,3
8306,15
8307,23
8308,21
8309,9
8310,13
8311,17
8312,14
8313,6
8314,10
8315,11
8316,11
8317,45
8318,10
8319,38
8320,14
8321,9
8322,50
8323,7
8324,23
8325,14
8326,20
8327,10
8328,37
8329,8
8330,12
8331,7
8332,8
8333,9
8334,11
8335,7
8336,20
8337,15
8338,13
8339,21
8340,7
8341,15
8342,68
8343,8
8344,20
8345,8
8346,12
8347,14
8348,13
8349,11
8350,8
8351,50
8352,37
8353,3
8354,27
8355,4
8356,7
8357,3
8358,4
8359,7
8360,24
8361,13
8362,15
8363,7
8364,6
8365,70
8366,26
8367,22
8368,16
8369,24
8370,6
8371,34
8372,11
8373,6
8374,124
8375,18
8376,12
8377,19
8378,4
8379,94
8380,22
8381,76
8382,8
8383,52
8384,29
8385,10
8386,7
8387,11
8388,11
8389,15
8390,29
8391,14
8392,9
8393,5
8394,12
8395,8
8396,8
8397,72
8398,19
8399,6
8400,8
8401,13
8402,12
8403,13
8404,25
8405,10
8406,6
8407,18
8408,6
8409,14
8410,5
8411,9
8412,11
8413,12
8414,13
8415,21
8416,45
8417,16
8418,14
8419,11
8420,14
8421,20
8422,32
8423,6
8424,14
8425,17
8426,12
8427,13
8428,12
8429,36
8430,8
8431,7
8432,7
8433,25
8434,11
8435,13
8436,13
8437,16
8438,13
8439,10
8440,5
8441,12
8442,13
8443,49
8444,8
8445,28
8446,39
8447,18
8448,5
8449,13
8450,18
8451,8
8452,8
8453,6
8454,35
8455,32
8456,14
8457,4
8458,6
8459,63
8460,15
8461,8
8462,39
8463,19
8464,8
8465,10
8466,16
8467,10
8468,9
8469,10
8470,13
8471,13
8472,4
8473,20
8474,12
8475,9
8476,4
8477,42
8478,16
8479,19
8480,23
8481,23
8482,10
8483,6
8484,19
8485,11
8486,8
8487,15
8488,10
8489,5
8490,18
8491,25
8492,35
8493,4
8494,10
8495,10
8496,36
8497,6
8498,41
8499,11
8500,17
8501,10
8502,26
8503,10
8504,9
8505,34
8506,16
8507,14
8508,16
8509,26
8510,7
8511,8
8512,19
8513,7
8514,10
8515,7
8516,3
8517,16
8518,13
8519,17
8520,8
8521,16
8522,7
8523,19
8524,13
8525,14
8526,4
8527,11
8528,19
8529,121
8530,38
8531,22
8532,8
8533,11
8535,12
8536,11
8537,9
8538,26
8539,19
8540,9
8541,11
8542,42
8543,25
8544,14
8545,18
8546,8
8547,10
8548,23
8549,7
8550,11
8551,17
8552,22
8553,7
8554,7
8555,9
8556,15
8557,15
8558,6
8559,12
8560,28
8561,22
8562,5
8563,7
8564,21
8565,17
8566,3
8567,21
8568,16
8569,31
8570,27
8571,9
8572,15
8573,20
8574,6
8575,6
8576,9
8577,12
8578,8
8579,13
8580,7
8581,9
8582,17
8583,17
8584,8
8585,15
8586,4
8587,45
8588,166
8589,12
8590,15
8591,10
8592,6
8593,27
8594,6
8595,6
8596,35
8597,10
8598,9
8599,7
8600,10
8601,6
8602,13
8603,14
8604,6
8605,11
8606,6
8607,15
8608,4
8609,12
8610,25
8611,9
8612,8
8613,20
8614,45
8615,24
8616,6
8617,10
8618,11
8619,7
8620,8
8621,15
8622,18
8623,8
8624,23
8625,11
8626,3
8627,17
8628,12
8629,17
8630,67
8631,6
8632,21
8633,6
8634,11
8635,20
8636,12
8637,20
8638,13
8639,12
8640,8
8641,9
8642,6
8643,11
8644,11
8645,9
8646,9
8647,39
8648,9
8649,4
8650,10
8651,39
8652,13
8653,23
8654,20
8655,7
8656,6
8657,83
8658,42
8659,6
8660,21
8661,6
8662,23
8663,38
8664,25
8665,42
8666,15
8667,14
8668,41
8669,9
8670,13
8671,14
8672,15
8673,21
8674,17
8675,31
8676,6
8677,63
8678,14
8679,35
8680,39
8681,14
8683,7
8684,46
8685,7
8686,23
8687,9
8688,31
8689,14
8690,27
8691,24
8692,9
8693,5
8694,11
8695,23
8696,19
8697,49
8698,6
8699,25
8700,11
8701,11
8702,11
8703,15
8704,9
8705,31
8706,22
8707,22
8708,30
8709,15
8710,14
8711,39
8712,83
8713,9
8714,25
8715,42
8716,12
8717,17
8718,11
8719,10
8720,24
8721,39
8722,15
8723,16
8724,50
8725,27
8726,15
8727,11
8728,17
8729,12
8730,8
8731,17
8732,9
8733,9
8734,6
8735,7
8736,7
8737,8
8738,28
8739,6
8740,7
8741,17
8742,13
8743,12
8744,52
8745,10
8746,11
8747,39
8748,37
8749,9
8750,19
8751,21
8752,11
8753,24
8754,33
8755,22
8756,92
8757,10
8758,77
8759,17
8760,9
8761,13
8762,9
8763,19
8764,27
8765,10
8766,11
8767,9
8768,5
8769,37
8770,34
8771,6
8772,14
8773,22
8774,8
8775,24
8776,49
8777,8
8778,11
8779,60
8780,8
8781,37
8782,20
8783,7
8784,16
8785,9
8786,11
8787,59
8788,24
8789,25
8790,20
8791,26
8792,30
8793,12
8794,15
8795,9
8796,8
8797,10
8798,6
8799,11
8800,38
8801,16
8802,19
8803,13
8804,58
8805,129
8806,37
8807,28
8808,8
8809,4
8810,15
8811,16
8812,7
8813,7
8814,11
8815,63
8816,126
8817,40
8818,23
8819,115
8820,23
8821,11
8822,25
8823,32
8824,5
8825,22
8826,21
8827,13
8828,32
8829,18
8830,6
8831,39
8832,19
8833,8
8834,38
8835,19
8836,35
8837,20
8838,21
8839,56
8840,40
8841,6
8842,34
8843,11
8844,17
8845,7
8846,9
8847,24
8848,13
8849,31
8850,54
8851,12
8852,32
8853,11
8854,11
8855,26
8856,10
8857,15
8858,9
8859,11
8860,24
8861,26
8862,17
8863,27
8864,16
8865,17
8866,18
8867,20
8868,23
8869,22
8870,17
8871,33
8872,35
8873,9
8874,28
8875,16
8876,32
8877,27
8878,24
8879,37
8880,25
8881,34
8882,47
8883,9
8884,44
8885,19
8886,28
8887,49
8888,18
8889,6
8890,8
8891,11
8892,37
8893,11
8894,31
8895,25
8896,11
8897,8
8898,35
8899,23
8900,25
8901,28
8902,6
8903,70
8904,9
8905,55
8906,33
8907,12
8908,23
8909,21
8910,12
8911,34
8912,75
8913,16
8914,33
8915,18
8916,10
8917,16
8918,30
8919,25
8920,37
8921,24
8922,11
8923,6
8924,19
8925,34
8926,6
8927,6
8928,48
8929,9
8930,79
8931,23
8932,28
8933,20
8934,43
8935,11
8936,41
8937,36
8938,10
8939,23
8940,30
8941,16
8942,8
8943,47
8944,44
8945,28
8946,24
8947,38
8948,31
8949,47
8950,35
8951,53
8952,15
8953,28
8954,15
8955,6
8956,69
8957,13
8958,33
8959,10
8960,10
8961,21
8962,46
8963,17
8964,9
8965,132
8966,10
8967,31
8968,15
8969,74
8970,11
8971,19
8972,6
8973,92
8974,61
8975,42
8976,12
8977,14
8978,11
8979,19
8980,14
8981,14
8982,11
8983,9
8984,9
8985,36
8986,14
8987,9
8988,14
8989,46
8990,77
8991,13
8992,14
8993,24
8994,24
8995,14
8996,9
8997,11
8998,11
8999,18
9000,13
9001,25
9002,21
9003,14
9004,11
9005,15
9006,8
9007,9
9008,13
9009,9
9010,6
9011,10
9012,11
9013,13
9014,40
9015,12
9016,30
9017,33
9018,39
9019,14
9020,21
9021,11
9022,88
9023,35
9024,38
9025,18
9026,38
9027,11
9028,12
9029,18
9030,14
9031,4
9032,46
9033,25
9034,18
9035,24
9036,10
9037,16
9038,10
9039,39
9040,29
9041,27
9042,60
9043,228
9044,35
9045,40
9046,16
9047,59
9048,14
9049,12
9050,21
9051,9
9052,10
9053,11
9054,26
9055,9
9056,12
9057,41
9058,14
9059,22
9060,14
9061,9
9062,38
9063,18
9064,41
9065,17
9066,20
9067,29
9068,60
9069,37
9070,72
9071,14
9072,6
9073,21
9074,20
9075,10
9076,35
9077,31
9078,67
9079,15
9080,12
9081,38
9082,8
9083,13
9084,28
9085,85
9086,33
9087,71
9088,19
9089,22
9090,33
9092,59
9093,7
9094,12
9095,14
9096,26
9097,34
9098,16
9099,25
9100,41
9101,20
9102,15
9103,15
9104,56
9105,10
9106,17
9107,19
9108,14
9109,24
9110,15
9111,22
9112,28
9113,35
9114,10
9115,31
9116,57
9117,17
9118,9
9119,51
9120,28
9121,21
9122,34
9123,32
9124,7
9125,117
9126,14
9127,41
9128,42
9129,8
9130,14
9131,21
9132,13
9133,13
9134,13
9135,23
9136,21
9137,66
9138,25
9139,29
9140,91
9141,29
9142,28
9143,33
9144,11
9145,46
9146,17
9147,11
9148,26
9149,31
9150,121
9151,15
9152,25
9153,27
9154,25
9155,7
9156,24
9157,6
9158,25
9159,12
9160,70
9161,30
9162,25
9163,21
9164,18
9165,39
9166,12
9167,33
9168,47
9169,23
9170,30
9171,24
9172,49
9173,84
9174,9
9175,62
9176,8
9177,8
9178,35
9179,8
9180,56
9181,22
9182,10
9183,16
9184,62
9185,112
9186,17
9187,13
9188,30
9189,23
9190,35
9191,40
9192,12
9193,115
9194,13
9195,39
9196,19
9197,13
9198,27
9199,24
9200,92
9201,120
9202,33
9203,14
9204,26
9205,20
9206,17
9207,19
9208,48
9209,16
9210,8
9211,39
9212,43
9213,7
9214,43
9215,57
9216,37
9217,24
9218,43
9219,33
9220,18
9221,155
9222,18
9223,13
9224,24
9225,13
9226,7
9227,65
9228,33
9229,46
9230,13
9231,39
9232,9
9233,81
9234,40
9235,11
9236,17
9237,8
9238,25
9239,46
9240,44
9241,27
9242,18
9243,31
9244,10
9245,21
9246,20
9247,47
9248,40
9249,27
9250,11
9251,11
9252,33
9253,10
9254,26
9255,39
9256,121
9257,8
9258,24
9259,49
9260,16
9261,35
9262,12
9263,14
9264,80
9265,66
9266,25
9267,13
9268,31
9269,17
9270,15
9271,4
9272,39
9273,56
9274,72
9275,32
9276,24
9277,121
9278,18
9279,35
9280,72
9281,94
9282,17
9283,15
9284,20
9285,13
9286,23
9287,9
9288,18
9289,15
9290,56
9291,30
9292,38
9293,60
9294,11
9295,11
9296,19
9297,38
9298,62
9299,37
9300,48
9301,14
9302,7
9303,32
9304,22
9305,20
9306,195
9307,47
9308,22
9309,17
9310,11
9311,52
9312,4
9313,18
9314,61
9315,10
9316,123
9317,17
9318,33
9319,16
9320,13
9321,9
9322,39
9323,44
9324,13
9325,25
9326,52
9327,22
9328,7
9329,7
9330,9
9331,23
9332,15
9333,14
9334,7
9335,10
9336,47
9337,34
9338,10
9339,17
9340,17
9341,49
9342,32
9343,29
9344,39
9345,19
9346,10
9347,22
9348,84
9349,11
9350,10
9351,20
9352,37
9353,12
9354,16
9355,7
9356,47
9357,32
9358,17
9359,43
9360,17
9361,9
9362,34
9363,11
9364,71
9365,42
9366,9
9367,8
9368,16
9369,11
9370,97
9371,23
9372,64
9373,17
9374,28
9375,12
9376,25
9377,9
9378,11
9379,64
9380,22
9381,27
9382,25
9383,14
9384,7
9385,93
9386,12
9387,17
9388,22
9389,28
9390,9
9391,7
9392,59
9393,103
9394,19
9395,9
9396,41
9397,18
9398,41
9399,12
9400,18
9401,19
9402,8
9403,10
9404,34
9405,11
9406,199
9407,15
9408,23
9409,29
9410,32
9411,34
9412,19
9413,37
9414,15
9415,9
9416,33
9417,14
9418,15
9419,57
9420,15
9421,209
9422,19
9423,29
9424,47
9425,14
9426,121
9427,21
9428,16
9429,22
9430,9
9431,82
9432,17
9433,48
9434,26
9435,8
9436,11
9437,40
9438,47
9439,10
9440,38
9441,12
9442,17
9443,12
9444,25
9445,21
9446,18
9447,23
9448,15
9449,29
9450,93
9451,34
9452,84
9453,24
9454,95
9455,63
9456,81
9457,63
9458,22
9459,59
9460,42
9461,27
9462,11
9463,43
9464,43
9465,26
9466,9
9467,19
9468,39
9469,19
9470,20
9471,41
9472,29
9473,33
9474,24
9475,14
9476,6
9477,20
9478,17
9479,13
9480,15
9481,13
9482,17
9483,48
9484,12
9485,21
9486,39
9487,55
9488,97
9489,25
9490,33
9491,27
9492,15
9493,7
9494,20
9495,66
9496,18
9497,7
9498,62
9499,6
9500,15
9501,64
9502,23
9503,33
9504,24
9505,23
9506,13
9507,9
9508,26
9509,74
9510,14
9511,36
9512,37
9513,17
9514,10
9515,13
9516,16
9517,18
9518,74
9519,15
9520,21
9521,10
9522,26
9523,18
9524,16
9525,11
9526,52
9527,30
9528,23
9529,31
9530,9
9531,14
9532,9
9533,26
9534,8
9535,27
9536,25
9537,10
9538,59
9539,16
9540,77
9541,31
9542,37
9543,21
9544,65
9545,8
9546,21
9547,6
9548,32
9549,43
9550,13
9551,13
9552,11
9553,84
9554,20
9555,17
9556,37
9557,21
9558,30
9559,27
9560,13
9561,55
9562,13
9563,21
9564,18
9565,21
9566,13
9567,78
9568,10
9569,14
9570,18
9571,14
9572,188
9573,11
9574,154
9575,23
9576,23
9577,8
9578,28
9579,15
9580,9
9581,7
9582,35
9583,8
9584,8
9585,24
9586,6
9587,31
9588,7
9589,22
9590,49
9591,38
9592,6
9593,15
9594,34
9595,23
9596,10
9597,7
9598,62
9599,97
9600,17
9601,26
9602,23
9603,18
9604,14
9605,57
9606,21
9607,32
9608,18
9609,23
9610,33
9611,24
9612,9
9613,14
9614,69
9615,6
9616,90
9617,18
9618,18
9619,13
9620,28
9621,24
9622,16
9623,5
9624,25
9625,11
9626,10
9627,60
9628,21
9629,7
9630,34
9631,5
9632,18
9633,46
9634,30
9635,150
9636,29
9637,17
9638,12
9639,12
9640,55
9641,38
9642,55
9643,26
9644,54
9645,26
9646,36
9647,17
9648,23
9649,15
9650,10
9651,25
9652,85
9653,25
9654,11
9655,126
9656,22
9657,18
9658,28
9659,32
9660,123
9661,21
9662,64
9663,7
9664,77
9665,84
9666,16
9667,12
9668,31
9669,24
9670,10
9671,46
9672,12
9673,13
9674,10
9675,17
9676,8
9677,14
9678,74
9679,122
9680,15
9681,32
9682,23
9683,36
9684,31
9685,25
9686,17
9687,21
9688,26
9689,29
9690,16
9691,10
9692,33
9693,28
9694,53
9695,18
9696,12
9697,11
9698,76
9699,8
9700,108
9701,7
9702,27
9703,57
9704,9
9705,15
9706,14
9707,116
9708,37
9709,18
9710,34
9711,9
9712,7
9713,7
9714,27
9715,9
9716,12
9717,8
9718,15
9719,13
9720,8
9721,11
9722,48
9723,9
9724,66
9725,6
9726,16
9727,73
9728,52
9729,29
9730,29
9731,11
9732,8
9733,10
9734,21
9735,8
9736,79
9737,25
9738,20
9739,4
9740,13
9741,18
9742,12
9743,26
9744,20
9745,13
9746,13
9747,138
9748,24
9749,8
9750,25
9751,9
9752,170
9753,29
9754,30
9755,11
9756,53
9757,41
9758,23
9759,28
9760,32
9761,18
9762,9
9763,28
9764,25
9765,17
9766,48
9767,24
9768,12
9769,56
9770,30
9771,38
9772,100
9773,21
9774,18
9775,15
9776,12
9777,11
9778,31
9779,10
9780,7
9781,110
9782,13
9783,7
9784,89
9785,61
9786,15
9787,14
9788,21
9789,5
9790,24
9791,25
9792,20
9793,36
9794,31
9795,26
9796,11
9797,6
9798,3
9799,42
9800,51
9801,13
9802,46
9803,10
9804,10
9805,15
9806,32
9807,15
9808,9
9809,8
9810,47
9811,27
9812,13
9813,39
9814,23
9815,13
9816,12
9817,10
9818,7
9819,24
9820,28
9821,43
9822,19
9823,16
9824,16
9825,22
9826,28
9827,19
9828,20
9829,17
9830,19
9831,31
9832,56
9833,15
9834,37
9835,11
9836,33
9837,78
9838,17
9839,79
9840,39
9841,39
9842,22
9843,44
9844,19
9845,39
9846,33
9847,38
9848,24
9849,15
9850,15
9851,24
9852,22
9853,92
9854,15
9855,18
9856,26
9857,25
9858,50
9859,35
9860,34
9861,33
9862,20
9863,11
9864,26
9865,18
9866,38
9867,41
9868,29
9869,11
9870,38
9871,15
9872,61
9873,7
9874,35
9875,81
9876,31
9877,19
9878,140
9879,11
9880,22
9881,61
9882,45
9883,13
9884,159
9885,37
9886,49
9887,33
9888,56
9889,16
9890,20
9891,17
9892,9
9893,46
9894,37
9895,29
9896,32
9897,22
9898,46
9899,9
9900,8
9901,50
9902,25
9903,28
9904,92
9905,15
9906,29
9907,21
9908,11
9909,11
9910,33
9911,17
9912,28
9913,39
9914,17
9915,28
9916,42
9917,14
9918,11
9919,113
9920,192
9921,47
9922,13
9923,49
9924,18
9925,20
9926,16
9927,49
9928,22
9929,37
9930,16
9931,27
9932,19
9933,7
9934,20
9935,7
9936,27
9937,49
9938,23
9939,26
9940,18
9941,8
9942,11
9943,36
9944,13
9945,17
9946,16
9947,8
9948,22
9949,53
9950,54
9951,40
9952,29
9953,9
9954,35
9955,60
9956,36
9957,8
9958,21
9959,17
9960,7
9961,29
9962,29
9963,13
9964,11
9965,56
9966,7
9967,25
9968,19
9969,95
9970,22
9971,47
9972,9
9973,27
9974,10
9975,54
9976,16
9977,21
9978,26
9979,23
9980,11
9981,22
9982,29
9983,41
9984,149
9985,74
9986,27
9987,76
9988,35
9989,56
9990,11
9991,67
9992,12
9993,15
9994,8
9995,53
9996,18
9997,42
9998,17
9999,13
10000,41
10001,43
10002,17
10003,39
10004,8
10005,17
10006,6
10007,13
10008,15
10009,14
10010,8
10011,44
10012,14
10013,16
10014,33
10015,19
10016,31
10017,128
10018,4
10019,37
10020,18
10021,54
10022,15
10023,1
10024,10
10025,50
10026,51
10027,15
10028,13
10029,12
10030,63
10031,15
10032,15
10033,39
10034,33
10035,14
10036,27
10037,39
10038,44
10039,8
10040,23
10041,35
10042,60
10043,12
10044,37
10045,11
10046,9
10047,31
10048,12
10049,20
10050,9
10051,19
10052,13
10053,4
10054,21
10055,33
10056,28
10057,9
10058,41
10059,52
10060,30
10061,41
10062,8
10063,16
10064,33
10065,11
10066,18
10067,18
10068,35
10069,51
10070,9
10071,23
10072,33
10073,81
10074,2
10075,69
10076,31
10077,34
10078,19
10079,33
10080,192
10081,19
10082,32
10083,23
10084,59
10085,29
10086,115
10087,34
10088,40
10089,10
10090,10
10091,73
10092,9
10093,8
10094,29
10095,29
10096,20
10097,27
10098,11
10099,16
10100,3
10101,8
10102,7
10103,35
10104,18
10105,7
10106,11
10107,21
10108,216
10109,24
10110,17
10111,103
10112,37
10113,16
10114,30
10115,18
10116,8
10117,20
10118,14
10119,10
10120,60
10121,24
10122,31
10123,20
10124,27
10125,27
10126,15
10127,28
10128,37
10129,40
10130,30
10131,14
10132,13
10133,28
10134,17
10135,53
10136,78
10137,12
10138,20
10139,23
10140,96
10141,18
10142,31
10143,90
10144,5
10145,36
10146,38
10147,30
10148,26
10149,30
10150,51
10151,16
10152,35
10153,13
10154,31
10155,16
10156,20
10157,9
10158,15
10159,24
10160,45
10161,13
10162,17
10163,26
10164,13
10165,6
10166,75
10167,31
10168,49
10169,14
10170,36
10171,24
10172,13
10173,51
10174,27
10175,26
10176,39
10177,13
10178,5
10179,14
10180,24
10181,19
10182,17
10183,57
10184,6
10185,31
10186,20
10187,14
10188,6
10189,8
10190,5
10191,27
10192,13
10193,5
10194,14
10195,35
10196,21
10197,36
10198,10
10199,10
10200,5
10201,11
10202,18
10203,10
10204,7
10205,39
10206,10
10207,14
10208,38
10209,35
10210,49
10211,16
10212,18
10213,13
10214,6
10215,8
10216,42
10217,23
10218,9
10219,13
10220,11
10221,42
10222,50
10223,8
10224,15
10225,17
10226,26
10227,37
10228,12
10229,21
10230,34
10231,83
10232,8
10233,38
10234,18
10235,8
10236,10
10237,21
10238,20
10239,23
10240,30
10241,8
10242,56
10243,10
10244,33
10245,29
10246,24
10247,16
10248,14
10249,117
10250,26
10251,15
10252,30
10253,48
10254,11
10255,62
10256,27
10257,10
10258,16
10259,12
10260,36
10261,139
10262,40
10263,7
10264,26
10265,20
10266,44
10267,20
10268,23
10269,32
10270,8
10271,6
10272,5
10273,7
10274,23
10275,103
10276,25
10277,42
10278,23
10279,43
10280,16
10281,5
10282,8
10283,52
10284,38
10285,17
10286,15
10287,19
10288,40
10289,143
10290,45
10291,37
10292,32
10293,24
10294,26
10295,10
10296,12
10297,40
10298,49
10299,5
10300,7
10301,19
10302,18
10303,13
10304,19
10305,97
10306,9
10307,39
10308,19
10309,66
10310,11
10311,19
10312,63
10313,41
10314,11
10315,22
10316,16
10317,11
10318,20
10319,6
10320,17
10321,11
10322,57
10323,11
10324,102
10325,26
10326,27
10327,12
10328,12
10329,5
10330,8
10331,30
10332,36
10333,25
10334,37
10335,19
10336,22
10337,127
10338,16
10339,21
10340,24
10341,21
10342,41
10343,68
10344,62
10345,8
10346,23
10347,9
10348,9
10349,25
10350,23
10351,44
10352,26
10353,18
10354,11
10355,44
10356,19
10357,26
10358,19
10359,20
10360,48
10361,25
10362,13
10363,40
10364,14
10365,7
10366,28
10367,10
10368,15
10369,11
10370,10
10371,35
10372,23
10373,18
10374,33
10375,34
10376,6
10377,20
10378,31
10379,33
10380,32
10381,18
10382,5
10383,19
10384,10
10385,27
10386,5
10387,12
10388,22
10389,25
10390,6
10391,41
10392,25
10393,6
10394,8
10395,56
10396,15
10397,11
10398,6
10399,66
10400,79
10401,161
10402,41
10403,28
10404,7
10405,12
10406,179
10407,15
10408,85
10409,39
10410,20
10411,41
10412,12
10413,52
10414,38
10415,41
10416,78
10417,42
10418,37
10419,32
10420,6
10421,7
10422,9
10423,15
10424,40
10425,33
10426,79
10427,34
10428,15
10429,52
10430,39
10431,24
10432,21
10433,8
10434,208
10435,12
10436,15
10437,32
10438,13
10439,14
10440,13
10441,12
10442,1
10443,48
10444,20
10445,5
10446,52
10447,29
10448,31
10449,13
10450,47
10451,25
10452,8
10453,8
10454,23
10455,33
10456,7
10457,23
10458,3
10459,11
10460,21
10461,85
10462,14
10463,10
10464,13
10465,17
10466,20
10467,21
10468,49
10469,14
10470,19
10471,53
10472,12
10473,30
10474,7
10475,68
10476,35
10477,63
10478,3
10479,50
10480,41
10481,11
10482,8
10483,14
10484,12
10485,13
10486,36
10487,18
10488,58
10489,5
10490,25
10491,30
10492,6
10493,7
10494,28
10495,68
10496,42
10497,22
10498,17
10499,20
10500,24
10501,40
10502,100
10503,129
10504,20
10505,33
10506,12
10507,11
10508,48
10509,5
10510,8
10511,36
10512,12
10513,21
10514,15
10515,18
10516,22
10517,16
10518,30
10519,17
10520,21
10521,7
10522,6
10523,28
10524,54
10525,18
10526,16
10527,17
10528,20
10529,18
10530,108
10531,36
10532,36
10533,15
10534,77
10535,26
10536,5
10537,19
10538,7
10539,40
10540,42
10541,32
10542,13
10543,83
10544,79
10545,16
10546,16
10547,22
10548,11
10549,86
10550,26
10551,38
10552,15
10553,12
10554,15
10555,7
10556,22
10557,17
10558,20
10559,27
10560,17
10561,26
10562,25
10563,21
10564,28
10565,49
10566,19
10567,77
10568,16
10569,66
10570,43
10571,20
10572,30
10573,10
10574,161
10575,29
10576,7
10577,29
10578,131
10579,14
10580,35
10581,5
10582,38
10583,39
10584,38
10585,30
10586,9
10587,60
10588,9
10589,20
10590,14
10591,17
10592,22
10593,17
10594,30
10595,22
10596,19
10597,19
10598,15
10599,19
10600,31
10601,55
10602,20
10603,6
10604,10
10605,46
10606,10
10607,9
10608,12
10609,18
10610,42
10611,8
10612,26
10613,9
10614,11
10615,25
10616,103
10617,53
10618,33
10620,12
10621,28
10622,5
10623,8
10624,13
10625,8
10626,38
10627,71
10628,28
10629,30
10630,46
10631,21
10632,31
10633,12
10634,17
10635,20
10636,11
10637,33
10638,33
10639,7
10640,35
10641,12
10642,7
10643,36
10644,54
10645,41
10646,4
10647,40
10648,49
10649,54
10650,7
10651,11
10652,9
10653,13
10654,48
10655,16
10656,17
10657,53
10658,13
10659,21
10660,39
10661,46
10662,12
10663,91
10664,23
10665,5
10666,55
10667,17
10668,16
10669,25
10670,17
10671,54
10672,16
10673,66
10674,44
10675,20
10676,31
10677,18
10678,20
10679,7
10680,8
10681,89
10682,13
10683,10
10684,29
10685,24
10686,22
10687,16
10688,16
10689,25
10690,10
10691,15
10692,17
10693,34
10694,8
10695,38
10696,140
10697,190
10698,10
10699,34
10700,71
10701,16
10702,11
10703,88
10704,22
10705,22
10706,20
10707,3
10708,32
10709,42
10710,25
10711,28
10712,52
10713,112
10714,38
10715,10
10716,145
10717,11
10718,8
10719,4
10720,67
10721,23
10722,17
10723,19
10724,16
10725,79
10726,14
10727,6
10728,34
10729,45
10730,46
10731,7
10732,12
10733,127
10734,26
10735,36
10736,1
10737,5
10738,53
10739,41
10740,35
10741,39
10742,22
10743,101
10744,332
10745,13
10746,12
10747,16
10748,6
10749,19
10750,10
10751,18
10752,33
10753,15
10754,23
10755,60
10756,7
10757,49
10758,48
10759,29
10760,11
10761,74
10762,19
10763,20
10764,24
10765,11
10766,14
10767,9
10768,74
10769,37
10770,23
10771,22
10772,26
10773,56
10774,6
10775,28
10776,30
10777,19
10778,27
10779,44
10780,61
10781,10
10782,17
10783,89
10784,11
10785,24
10786,13
10787,23
10788,12
10789,15
10790,17
10791,26
10792,33
10793,12
10794,25
10795,36
10796,53
10797,26
10798,8
10799,26
10800,142
10801,74
10802,22
10803,28
10804,24
10805,32
10806,49
10807,116
10808,50
10809,41
10810,13
10811,43
10812,25
10813,23
10814,74
10815,44
10816,11
10817,21
10818,9
10819,14
10820,20
10821,13
10822,41
10823,22
10824,21
10825,14
10826,52
10827,44
10828,89
10829,6
10830,12
10831,7
10832,12
10833,16
10834,5
10835,61
10836,11
10837,34
10838,42
10839,20
10840,7
10841,22
10842,12
10843,35
10844,29
10845,8
10846,19
10847,23
10848,6
10849,29
10850,16
10851,38
10852,28
10853,6
10854,15
10855,39
10856,12
10857,79
10858,22
10859,22
10860,40
10861,15
10862,28
10863,34
10864,22
10865,9
10866,15
10867,46
10868,16
10869,28
10870,26
10871,16
10872,6
10873,44
10874,7
10875,38
10876,22
10877,23
10878,51
10879,9
10880,13
10881,15
10882,19
10883,9
10884,17
10885,27
10886,10
10887,9
10888,26
10889,18
10890,14
10891,9
10892,12
10893,17
10894,25
10895,6
10896,23
10897,12
10898,8
10899,42
10900,20
10901,29
10902,32
10903,24
10904,12
10905,14
10906,9
10907,24
10908,19
10909,17
10910,20
10911,6
10912,24
10913,31
10914,19
10915,62
10916,24
10917,79
10918,6
10919,7
10920,40
10921,15
10922,13
10923,28
10924,20
10925,5
10926,7
10927,76
10928,20
10929,24
10930,13
10931,57
10932,14
10933,52
10934,7
10935,48
10936,14
10937,18
10938,23
10939,12
10940,6
10941,33
10942,20
10943,15
10944,58
10945,6
10946,15
10947,8
10948,37
10949,30
10950,20
10951,37
10952,11
10953,28
10954,14
10955,68
10956,38
10957,28
10958,15
10959,20
10960,24
10961,57
10962,55
10963,31
10964,29
10965,73
10966,8
10967,14
10968,23
10969,14
10970,44
10971,24
10972,13
10973,30
10974,25
10975,10
10976,21
10977,11
10978,10
10979,8
10980,5
10981,45
10982,57
10983,23
10984,33
10985,7
10986,55
10987,27
10988,52
10989,31
10990,43
10991,19
10992,14
10993,4
10994,14
10995,19
10996,14
10997,63
10998,26
10999,69
11000,46
11001,6
11002,38
11003,34
11004,5
11005,22
11006,21
11007,12
11008,24
11009,23
11010,26
11011,9
11012,14
11013,25
11014,8
11015,24
11016,29
11017,9
11018,21
11019,9
11020,9
11021,12
11022,94
11023,60
11024,14
11025,39
11026,13
11027,16
11028,14
11029,19
11030,24
11031,52
11032,30
11033,35
11034,37
11035,5
11036,8
11037,7
11038,12
11039,6
11040,16
11041,17
11042,27
11043,11
11044,14
11045,76
11046,13
11047,19
11048,7
11049,20
11050,20
11051,27
11052,15
11053,16
11054,64
11055,14
11056,55
11057,45
11058,38
11059,26
11060,62
11061,6
11062,14
11063,6
11064,11
11065,9
11066,42
11067,26
11068,7
11069,12
11070,5
11071,10
11072,14
11073,6
11074,160
11075,33
11076,68
11077,22
11078,16
11079,10
11080,12
11081,3
11082,27
11083,7
11084,52
11085,44
11086,14
11087,6
11088,5
11089,15
11090,60
11091,18
11092,574
11093,20
11094,51
11095,10
11096,25
11097,65
11098,49
11099,10
11100,40
11101,14
11102,12
11103,25
11104,11
11105,35
11106,12
11107,18
11108,51
11109,20
11110,25
11111,36
11112,14
11113,6
11114,10
11115,6
11116,45
11117,9
11118,73
11119,61
11120,18
11121,37
11122,21
11123,14
11124,102
11126,38
11127,19
11128,20
11129,18
11130,23
11131,21
11132,19
11133,4
11134,40
11135,15
11136,26
11137,17
11138,52
11139,27
11140,38
11141,10
11142,9
11143,15
11144,38
11145,32
11146,38
11147,36
11148,26
11149,8
11150,11
11151,8
11152,27
11153,69
11154,51
11155,58
11156,40
11157,15
11158,29
11159,15
11160,45
11161,102
11162,15
11163,194
11164,32
11165,11
11166,126
11167,7
11168,60
11169,29
11170,50
11171,16
11172,28
11173,9
11174,9
11175,50
11176,6
11177,6
11178,35
11179,9
11180,8
11181,4
11182,30
11183,31
11184,31
11185,22
11186,24
11187,60
11188,126
11189,59
11190,6
11191,32
11192,7
11193,30
11194,15
11195,20
11196,29
11197,35
11198,52
11199,31
11200,63
11201,28
11202,41
11203,12
11204,4
11205,79
11206,76
11207,60
11208,9
11209,29
11210,26
11211,16
11212,24
11213,22
11214,18
11215,10
11216,8
11217,17
11218,12
11219,19
11220,6
11221,14
11222,33
11223,61
11224,53
11225,80
11226,17
11227,23
11228,57
11229,34
11230,28
11231,50
11232,6
11233,29
11234,154
11235,17
11236,27
11237,21
11238,26
11239,14
11240,13
11241,21
11242,31
11243,7
11244,18
11245,20
11246,22
11247,24
11248,2
11249,18
11250,33
11251,285
11252,13
11253,10
11254,9
11255,21
11256,30
11257,28
11258,9
11259,101
11260,40
11261,14
11262,37
11263,47
11264,18
11265,13
11266,45
11267,3
11268,23
11269,20
11270,21
11271,19
11272,44
11273,6
11274,18
11275,13
11276,42
11277,21
11278,18
11279,13
11280,35
11281,15
11282,73
11283,50
11284,13
11285,24
11286,141
11287,34
11288,33
11290,9
11291,33
11292,10
11293,69
11294,41
11295,54
11296,61
11297,9
11298,11
11299,26
11300,39
11301,35
11302,17
11303,40
11304,18
11305,13
11307,19
11308,11
11309,93
11310,10
11311,83
11312,19
11313,9
11314,14
11315,3
11316,47
11317,12
11318,86
11319,20
11320,11
11321,6
11322,40
11323,8
11324,11
11325,11
11326,5
11327,102
11328,16
11329,33
11330,20
11331,52
11332,5
11333,15
11334,13
11335,29
11336,13
11337,32
11338,29
11339,16
11340,8
11341,11
11342,13
11343,18
11344,2
11345,44
11346,5
11347,45
11348,28
11349,34
11350,15
11351,29
11352,9
11353,10
11354,12
11355,104
11356,13
11357,12
11358,23
11359,12
11360,26
11361,22
11362,151
11363,21
11364,21
11365,12
11366,12
11367,38
11368,41
11369,41
11370,48
11371,14
11372,17
11373,4
11374,41
11375,20
11376,30
11377,13
11378,19
11379,15
11380,34
11381,16
11382,4
11383,16
11384,33
11385,72
11386,26
11387,27
11388,8
11389,30
11390,22
11391,15
11392,25
11393,15
11394,16
11395,19
11396,8
11397,18
11398,17
11399,27
11400,9
11401,20
11402,14
11403,7
11404,14
11405,14
11406,9
11407,48
11408,13
11409,53
11410,16
11411,32
11412,40
11413,18
11414,19
11415,5
11416,32
11417,23
11418,35
11419,110
11420,48
11421,55
11422,42
11423,42
11424,75
11425,15
11426,19
11427,49
11428,40
11429,53
11430,53
11431,21
11432,25
11433,30
11434,18
11435,25
11436,10
11437,36
11438,60
11439,28
11440,69
11441,20
11442,14
11443,13
11444,19
11445,21
11446,52
11447,5
11448,24
11449,236
11450,59
11451,17
11452,28
11453,32
11454,81
11455,42
11456,29
11457,19
11458,41
11459,51
11460,51
11461,7
11462,56
11463,35
11464,29
11465,60
11466,13
11467,34
11468,25
11469,60
11470,84
